Player,Position,Age,Team,Games,GamesStarted,MinutesPlayed,FieldGoals,FieldGoalsAttempted,FieldGoalPercentage,ThreePointers,ThreePointersAttempted,ThreePointPercentage,TwoPointers,TwoPointersAttempted,TwoPointersPercentage,EffectiveFieldGoalPercentage,FreeThrows,FreeThrowsAttempted,FreeThrowsPercentage,OffensiveRebounds,DefensiveRebounds,TotalRebounds,Assists,Steals,Blocks,Turnovers,PersonalFouls,Points
Precious Achiuwa,C,24,TOR,3,0,21.7,3.0,8.0,.375,0.3,1.7,.200,2.7,6.3,.421,.396,1.0,1.0,1.000,2.7,5.3,8.0,1.3,0.0,0.3,2.0,2.7,7.3
Bam Adebayo,C,26,MIA,7,7,34.0,8.1,16.0,.509,0.1,0.3,.500,8.0,15.7,.509,.513,6.3,8.1,.772,2.1,7.3,9.4,3.4,0.9,1.6,3.6,2.6,22.7
Ochai Agbaji,SG,23,UTA,10,2,16.3,1.7,4.1,.415,1.0,2.7,.370,0.7,1.4,.500,.537,0.0,0.2,.000,0.5,1.7,2.2,1.0,0.2,0.6,0.7,1.3,4.4
Santi Aldama,PF,23,MEM,3,0,19.7,3.3,8.3,.400,1.3,2.7,.500,2.0,5.7,.353,.480,0.3,1.3,.250,1.0,4.0,5.0,1.0,0.7,0.3,1.0,1.7,8.3
Nickeil Alexander-Walker,SG,25,MIN,8,2,19.3,1.5,4.5,.333,0.8,2.6,.286,0.8,1.9,.400,.417,0.3,0.8,.333,0.1,2.1,2.3,3.0,0.8,0.9,1.0,1.5,4.0
Grayson Allen,SG,28,PHO,9,9,31.3,4.6,9.3,.488,2.9,5.9,.491,1.7,3.4,.484,.643,0.8,0.8,1.000,1.1,4.1,5.2,3.1,0.4,0.3,1.8,2.6,12.8
Jarrett Allen,C,25,CLE,3,3,25.0,4.3,6.3,.684,0.0,0.0,,4.3,6.3,.684,.684,3.3,4.7,.714,3.7,3.7,7.3,1.3,1.0,1.0,1.3,1.7,12.0
Kyle Anderson,PF,30,MIN,8,0,25.9,3.0,5.4,.558,0.3,1.0,.250,2.8,4.4,.629,.581,1.1,1.8,.643,0.8,3.1,3.9,4.6,1.1,0.8,1.9,1.5,7.4
Giannis Antetokounmpo,PF,29,MIL,8,8,31.8,10.3,18.1,.566,0.6,2.5,.250,9.6,15.6,.616,.583,7.0,10.3,.683,2.3,7.1,9.4,3.4,0.6,1.4,4.3,2.6,28.1
Thanasis Antetokounmpo,PF,31,MIL,2,0,5.5,0.5,1.0,.500,0.0,0.0,,0.5,1.0,.500,.500,0.0,0.0,,0.0,0.0,0.0,1.0,0.5,0.0,1.5,1.0,1.0
Cole Anthony,PG,23,ORL,8,0,24.8,4.8,10.5,.452,1.5,4.0,.375,3.3,6.5,.500,.524,3.8,4.9,.769,0.8,3.4,4.1,2.8,0.8,0.4,1.9,2.5,14.8
OG Anunoby,SF,26,TOR,7,7,31.9,6.7,12.1,.553,2.9,6.9,.417,3.9,5.3,.730,.671,1.3,2.1,.600,0.6,3.6,4.1,1.7,1.3,0.7,1.9,2.6,17.6
Ryan Arcidiacono,PG,29,NYK,2,0,2.0,0.0,0.0,,0.0,0.0,,0.0,0.0,,,0.0,0.0,,0.0,0.5,0.5,0.0,0.0,0.0,0.0,0.0,0.0
Deni Avdija,SF,23,WAS,8,8,25.5,5.1,9.6,.532,1.1,2.6,.429,4.0,7.0,.571,.591,1.4,1.8,.786,1.5,3.9,5.4,3.8,1.0,0.4,1.4,2.4,12.8
Deandre Ayton,C,25,POR,8,8,31.5,5.5,9.5,.579,0.0,0.0,,5.5,9.5,.579,.579,0.4,0.4,1.000,3.0,9.9,12.9,1.4,2.0,0.9,1.8,3.3,11.4
Udoka Azubuike,C,24,PHO,2,0,4.5,0.5,0.5,1.000,0.0,0.0,,0.5,0.5,1.000,1.000,0.0,0.0,,0.0,2.0,2.0,0.0,0.0,0.0,0.0,0.5,1.0
Marvin Bagley III,C,24,DET,10,2,18.3,3.7,6.4,.578,0.1,0.4,.250,3.6,6.0,.600,.586,2.6,2.9,.897,1.4,3.4,4.8,1.3,0.0,0.5,1.1,1.9,10.1
Patrick Baldwin Jr.,SF,21,WAS,2,0,4.5,0.0,1.0,.000,0.0,0.5,.000,0.0,0.5,.000,.000,0.0,0.0,,0.0,0.0,0.0,0.5,0.0,0.0,0.0,0.0,0.0
LaMelo Ball,PG,22,CHO,8,8,32.9,6.9,17.3,.399,2.8,8.0,.344,4.1,9.3,.446,.478,3.8,4.6,.811,1.8,3.4,5.1,8.6,1.5,0.3,3.8,4.1,20.3
Mo Bamba,C,25,PHI,4,0,2.3,0.0,0.5,.000,0.0,0.0,,0.0,0.5,.000,.000,0.5,0.5,1.000,0.5,1.0,1.5,0.0,0.0,0.5,0.8,0.8,0.5
Paolo Banchero,PF,21,ORL,8,8,33.4,6.3,13.1,.476,0.8,2.4,.316,5.5,10.8,.512,.505,4.8,7.3,.655,1.4,4.9,6.3,5.4,1.5,0.4,3.8,3.0,18.0
Desmond Bane,SG,25,MEM,9,9,35.6,9.8,21.3,.458,3.6,9.8,.364,6.2,11.6,.538,.542,3.3,3.9,.857,0.7,4.2,4.9,4.3,1.8,1.0,2.6,3.1,26.4
Dalano Banton,PG,24,BOS,3,0,7.0,1.7,2.7,.625,0.0,0.3,.000,1.7,2.3,.714,.625,1.0,1.0,1.000,1.0,1.0,2.0,0.7,0.3,0.0,0.3,1.0,4.3
Dominick Barlow,PF,20,SAS,3,0,5.3,0.7,1.7,.400,0.0,0.0,,0.7,1.7,.400,.400,0.7,1.3,.500,0.0,0.3,0.3,0.0,0.0,0.0,0.0,0.3,2.0
Harrison Barnes,PF,31,SAC,8,8,31.1,4.0,8.4,.478,1.9,4.6,.405,2.1,3.8,.567,.590,2.3,2.9,.783,0.6,2.3,2.9,1.0,0.5,0.1,0.5,1.0,12.1
Scottie Barnes,SG,22,TOR,8,8,36.9,8.0,16.5,.485,2.0,5.3,.381,6.0,11.3,.533,.545,3.5,4.6,.757,3.0,7.4,10.4,6.0,1.5,2.1,2.9,2.5,21.5
RJ Barrett,SG,23,NYK,6,6,31.2,7.7,16.2,.474,2.7,5.7,.471,5.0,10.5,.476,.557,4.3,5.0,.867,0.7,2.7,3.3,3.3,0.5,0.2,2.3,1.2,22.3
Charles Bassey,C,23,SAS,9,0,12.2,1.8,2.2,.800,0.0,0.1,.000,1.8,2.1,.842,.800,0.1,0.1,1.000,1.1,2.4,3.6,1.0,0.8,0.7,0.6,1.4,3.7
Emoni Bates,SF,20,CLE,2,0,14.5,1.5,4.5,.333,1.0,3.0,.333,0.5,1.5,.333,.444,0.5,1.0,.500,0.5,2.5,3.0,0.5,0.0,0.5,0.5,0.5,4.5
Keita Bates-Diop,SF,28,PHO,6,4,21.5,2.5,5.5,.455,1.0,2.8,.353,1.5,2.7,.563,.545,0.8,1.5,.556,0.8,2.8,3.7,1.2,0.7,1.0,0.0,0.7,6.8
Nicolas Batum,PF,35,TOT,6,0,20.7,1.7,3.0,.556,1.2,2.5,.467,0.5,0.5,1.000,.750,0.0,0.0,,0.5,2.2,2.7,1.5,0.8,0.8,0.2,2.0,4.5
Bradley Beal,SG,30,PHO,2,2,27.5,6.0,14.5,.414,2.5,5.0,.500,3.5,9.5,.368,.500,4.0,5.0,.800,1.0,3.0,4.0,3.0,1.0,0.5,2.0,2.0,18.5
Malik Beasley,SG,27,MIL,8,8,26.3,3.3,7.1,.456,2.1,5.0,.425,1.1,2.1,.529,.605,0.6,1.1,.556,0.5,3.5,4.0,1.6,1.3,0.0,0.9,1.9,9.3
MarJon Beauchamp,SF,23,MIL,7,0,16.7,2.7,4.9,.559,1.3,2.7,.474,1.4,2.1,.667,.691,0.6,0.7,.800,0.9,1.1,2.0,1.0,0.1,0.0,0.4,1.7,7.3
Dāvis Bertāns,PF,31,OKC,2,0,11.5,0.5,2.5,.200,0.5,2.5,.200,0.0,0.0,,.300,3.0,3.0,1.000,0.0,0.5,0.5,0.5,0.5,0.0,0.0,1.5,4.5
Patrick Beverley,PG,35,PHI,8,0,15.4,1.0,2.4,.421,0.1,0.9,.143,0.9,1.5,.583,.447,0.1,0.1,1.000,1.3,2.1,3.4,2.3,0.5,0.6,0.6,1.6,2.3
Saddiq Bey,SF,24,ATL,8,3,27.9,4.0,8.5,.471,1.6,4.0,.406,2.4,4.5,.528,.566,1.3,1.4,.909,2.0,3.5,5.5,1.1,1.0,0.3,1.1,1.5,10.9
Goga Bitadze,C,24,ORL,6,3,13.2,2.2,3.3,.650,0.0,0.3,.000,2.2,3.0,.722,.650,1.8,2.5,.733,1.7,2.5,4.2,0.8,0.5,1.3,0.5,1.3,6.2
Onuralp Bitim,SG,24,CHI,1,0,3.0,0.0,0.0,,0.0,0.0,,0.0,0.0,,,0.0,0.0,,0.0,0.0,0.0,0.0,0.0,0.0,0.0,0.0,0.0
Bismack Biyombo,C,31,MEM,4,3,22.5,3.0,5.0,.600,0.0,0.0,,3.0,5.0,.600,.600,2.0,2.5,.800,5.0,4.0,9.0,1.0,0.5,0.8,0.8,3.3,8.0
Anthony Black,PG,20,ORL,6,2,17.5,2.7,3.8,.696,0.8,1.5,.556,1.8,2.3,.786,.804,0.8,1.2,.714,1.0,1.5,2.5,1.3,0.7,0.5,0.5,1.7,7.0
Leaky Black,SF,24,CHO,1,0,4.0,0.0,1.0,.000,0.0,0.0,,0.0,1.0,.000,.000,0.0,0.0,,0.0,0.0,0.0,1.0,0.0,1.0,0.0,0.0,0.0
Bogdan Bogdanović,SG,31,ATL,8,0,24.5,4.9,11.1,.438,2.5,7.1,.351,2.4,4.0,.594,.551,0.5,0.5,1.000,0.4,2.3,2.6,3.3,1.8,0.4,0.9,1.6,12.8
Bol Bol,PF,24,PHO,3,0,2.3,0.3,0.3,1.000,0.0,0.0,,0.3,0.3,1.000,1.000,0.0,0.0,,0.0,0.3,0.3,0.0,0.0,0.3,0.7,0.0,0.7
Devin Booker,SG,27,PHO,2,2,36.0,11.5,20.0,.575,4.0,7.5,.533,7.5,12.5,.600,.675,4.5,4.5,1.000,1.0,6.5,7.5,10.5,0.5,0.0,5.5,4.0,31.5
Chris Boucher,PF,31,TOR,6,0,14.3,2.2,4.3,.500,0.2,1.0,.167,2.0,3.3,.600,.519,2.3,2.7,.875,1.5,3.2,4.7,0.3,0.3,0.5,0.8,3.0,6.8
Malaki Branham,SG,20,SAS,9,3,19.6,3.6,8.3,.427,0.8,2.9,.269,2.8,5.4,.510,.473,0.4,0.4,1.000,0.1,1.4,1.6,1.9,0.6,0.1,0.9,1.0,8.3
Christian Braun,SG,22,DEN,9,0,19.6,2.8,6.2,.446,0.4,1.8,.250,2.3,4.4,.525,.482,1.7,2.4,.682,1.1,3.7,4.8,2.4,0.6,0.3,0.6,1.4,7.7
Mikal Bridges,SF,27,BRK,9,9,34.6,7.1,15.3,.464,1.8,5.9,.302,5.3,9.4,.565,.522,3.4,3.9,.886,1.1,4.4,5.6,3.9,1.0,0.6,1.9,2.1,19.4
Oshae Brissett,SF,25,BOS,5,0,12.4,0.6,3.4,.176,0.2,1.8,.111,0.4,1.6,.250,.206,1.2,1.6,.750,1.2,1.6,2.8,0.4,0.8,0.0,0.4,1.0,2.6
Malcolm Brogdon,PG,31,POR,8,3,27.8,6.1,15.1,.405,2.0,5.9,.340,4.1,9.3,.446,.471,3.0,3.8,.800,1.0,3.8,4.8,5.5,0.8,0.0,1.6,1.4,17.3
Armoni Brooks,PG,25,BRK,3,0,12.0,2.0,4.0,.500,1.7,3.0,.556,0.3,1.0,.333,.708,0.0,0.0,,0.3,1.7,2.0,0.0,0.0,0.0,0.3,0.0,5.7
Dillon Brooks,SF,28,HOU,8,8,31.1,5.0,9.0,.556,1.9,3.4,.556,3.1,5.6,.556,.660,2.3,2.6,.857,0.5,3.8,4.3,2.0,1.3,0.1,1.9,3.4,14.1
Bruce Brown,SG,27,IND,9,9,31.1,4.3,9.7,.448,1.8,4.3,.410,2.6,5.3,.479,.540,0.8,0.9,.875,0.7,3.9,4.6,2.7,1.1,0.2,1.1,1.9,11.2
Jaylen Brown,SF,27,BOS,8,8,33.6,8.3,18.4,.449,2.9,7.5,.383,5.4,10.9,.494,.527,2.9,4.1,.697,0.4,4.9,5.3,3.0,1.1,0.4,2.5,2.9,22.3
Kobe Brown,PF,24,LAC,6,0,8.7,1.2,2.3,.500,0.5,1.3,.375,0.7,1.0,.667,.607,0.0,0.0,,0.3,1.0,1.3,0.3,0.2,0.2,0.2,1.3,2.8
Moses Brown,C,24,POR,1,0,5.0,2.0,3.0,.667,0.0,0.0,,2.0,3.0,.667,.667,0.0,2.0,.000,2.0,1.0,3.0,1.0,0.0,1.0,0.0,1.0,4.0
Troy Brown Jr.,SF,24,MIN,5,0,6.6,0.6,1.8,.333,0.0,0.8,.000,0.6,1.0,.600,.333,0.8,0.8,1.000,0.2,1.8,2.0,0.4,0.2,0.0,0.6,0.2,2.0
Jalen Brunson,PG,27,NYK,8,8,34.8,7.9,19.5,.404,2.6,6.1,.429,5.3,13.4,.393,.471,4.1,5.0,.825,0.9,2.8,3.6,4.8,1.1,0.0,2.4,2.1,22.5
Thomas Bryant,C,26,MIA,8,1,14.6,2.4,4.5,.528,0.0,0.3,.000,2.4,4.3,.559,.528,1.3,1.6,.769,1.3,3.3,4.5,0.6,0.5,0.4,1.3,1.5,6.0
Kobe Bufkin,SG,20,ATL,2,0,2.0,0.0,1.5,.000,0.0,0.5,.000,0.0,1.0,.000,.000,0.5,1.0,.500,0.5,0.5,1.0,0.0,0.0,0.0,0.0,0.0,0.5
Reggie Bullock,SF,32,HOU,5,0,10.4,0.4,1.6,.250,0.4,1.4,.286,0.0,0.2,.000,.375,0.0,0.0,,0.0,1.4,1.4,0.6,0.2,0.2,0.4,0.8,1.2
Alec Burks,SG,32,DET,4,0,25.5,4.3,9.8,.436,3.5,6.5,.538,0.8,3.3,.231,.615,3.0,3.8,.800,0.3,3.0,3.3,2.3,0.3,0.8,0.0,1.5,15.0
Jared Butler,SG,23,WAS,2,0,4.5,0.5,2.0,.250,0.5,1.5,.333,0.0,0.5,.000,.375,0.0,0.0,,0.0,0.0,0.0,0.5,0.0,0.0,0.5,0.0,1.5
Jimmy Butler,PF,34,MIA,7,7,33.4,5.9,13.6,.432,1.0,2.0,.500,4.9,11.6,.420,.468,5.7,6.6,.870,2.7,3.4,6.1,3.4,1.6,0.3,1.3,0.6,18.4
Jamal Cain,PF,24,MIA,2,0,14.5,2.0,4.5,.444,0.0,2.0,.000,2.0,2.5,.800,.444,0.0,0.0,,1.5,1.5,3.0,0.0,1.5,0.0,0.5,1.0,4.0
Kentavious Caldwell-Pope,SG,30,DEN,9,9,32.8,3.7,7.7,.478,1.7,3.9,.429,2.0,3.8,.529,.587,1.2,1.2,1.000,0.2,1.9,2.1,1.8,1.9,0.6,1.2,2.4,10.2
Toumani Camara,PF,23,POR,8,0,24.6,2.0,5.9,.340,0.6,2.1,.294,1.4,3.8,.367,.394,1.1,1.5,.750,1.9,2.6,4.5,1.3,0.9,0.6,0.9,2.1,5.8
Clint Capela,C,29,ATL,8,8,24.9,4.1,7.4,.559,0.0,0.0,,4.1,7.4,.559,.559,1.9,2.8,.682,3.6,6.9,10.5,1.0,0.5,1.4,0.6,1.8,10.1
Jevon Carter,PG,28,CHI,9,0,15.1,3.0,6.0,.500,1.8,3.6,.500,1.2,2.4,.500,.648,0.0,0.1,.000,0.1,0.6,0.7,1.1,0.6,0.3,0.9,1.0,7.8
Wendell Carter Jr.,C,24,ORL,5,5,29.4,3.4,9.0,.378,1.0,3.2,.313,2.4,5.8,.414,.433,1.6,2.8,.571,2.2,6.4,8.6,1.6,0.6,0.4,1.6,2.8,9.4
Alex Caruso,SG,29,CHI,9,0,23.6,2.9,4.9,.591,1.2,2.8,.440,1.7,2.1,.789,.716,0.8,1.2,.636,1.4,2.4,3.9,2.4,1.6,0.8,1.0,2.6,7.8
Colin Castleton,C,23,LAL,2,0,9.5,1.0,2.0,.500,0.0,0.0,,1.0,2.0,.500,.500,0.0,0.0,,1.0,0.5,1.5,1.0,0.0,0.0,0.0,2.5,2.0
Malcolm Cazalon,SG,22,DET,1,0,3.0,0.0,0.0,,0.0,0.0,,0.0,0.0,,,0.0,0.0,,0.0,0.0,0.0,0.0,0.0,0.0,0.0,0.0,0.0
Julian Champagnie,SF,22,SAS,5,0,7.2,0.8,3.6,.222,0.2,2.0,.100,0.6,1.6,.375,.250,0.0,0.0,,0.0,0.8,0.8,0.0,0.2,0.6,0.6,0.0,1.8
Max Christie,SG,20,LAL,5,0,18.0,1.4,5.0,.280,0.2,2.0,.100,1.2,3.0,.400,.300,0.8,1.0,.800,0.2,3.2,3.4,0.8,0.2,0.2,0.6,1.8,3.8
Jordan Clarkson,SG,31,UTA,10,10,31.3,5.9,15.2,.388,1.5,5.2,.288,4.4,10.0,.440,.438,3.2,3.8,.842,1.6,2.0,3.6,4.9,0.8,0.2,3.7,1.5,16.5
Nic Claxton,C,24,BRK,1,1,28.0,3.0,10.0,.300,0.0,0.0,,3.0,10.0,.300,.300,1.0,1.0,1.000,4.0,3.0,7.0,4.0,0.0,3.0,0.0,1.0,7.0
Amir Coffey,SF,26,LAC,5,0,7.4,0.4,1.6,.250,0.0,0.4,.000,0.4,1.2,.333,.250,0.8,0.8,1.000,0.0,0.6,0.6,0.4,0.0,0.0,0.4,0.4,1.6
John Collins,PF,26,UTA,10,10,31.1,5.6,10.3,.544,1.5,3.5,.429,4.1,6.8,.603,.617,2.3,3.2,.719,2.5,5.5,8.0,0.9,0.6,0.7,1.3,3.5,15.0
Zach Collins,C,26,SAS,9,9,29.3,5.6,10.1,.549,1.0,3.7,.273,4.6,6.4,.707,.599,1.4,2.1,.684,1.6,4.6,6.1,4.2,0.7,1.1,2.6,3.3,13.6
Mike Conley,PG,36,MIN,8,8,29.0,4.0,7.9,.508,2.0,4.4,.457,2.0,3.5,.571,.635,0.8,0.8,1.000,0.8,2.4,3.1,4.5,0.9,0.1,0.6,2.0,10.8
Pat Connaughton,SF,31,MIL,8,0,22.0,2.1,5.3,.405,0.9,3.1,.280,1.3,2.1,.588,.488,0.5,0.6,.800,0.5,1.6,2.1,2.1,0.5,0.3,0.8,0.9,5.6
Bilal Coulibaly,SF,19,WAS,8,1,23.5,2.3,5.1,.439,1.1,3.0,.375,1.1,2.1,.529,.549,0.9,1.4,.636,0.4,2.5,2.9,1.5,0.5,0.9,1.4,1.8,6.5
Robert Covington,SF-PF,33,TOT,8,3,15.3,1.0,2.6,.381,0.6,2.1,.294,0.4,0.5,.750,.500,0.6,0.8,.833,0.6,1.3,1.9,0.9,2.1,0.5,0.3,1.8,3.3
Torrey Craig,SF,33,CHI,9,4,21.7,1.9,4.6,.415,0.8,2.0,.389,1.1,2.6,.435,.500,0.1,0.1,1.000,1.4,3.1,4.6,1.4,0.8,0.4,0.4,2.9,4.7
Jae Crowder,PF,33,MIL,8,2,28.0,3.1,5.8,.543,2.0,3.8,.533,1.1,2.0,.563,.717,0.8,1.3,.600,0.5,3.6,4.1,1.9,0.9,0.4,0.5,1.8,9.0
Cade Cunningham,PG,22,DET,10,10,35.9,8.8,21.0,.419,2.1,6.6,.318,6.7,14.4,.465,.469,4.0,4.6,.870,0.5,3.2,3.7,7.1,0.6,0.2,5.3,3.3,23.7
Seth Curry,SG,33,DAL,6,0,8.7,0.8,2.3,.357,0.3,1.2,.286,0.5,1.2,.429,.429,0.3,0.5,.667,0.3,0.7,1.0,0.7,0.3,0.2,0.5,0.7,2.3
Stephen Curry,PG,35,GSW,9,9,32.1,9.4,18.4,.512,5.9,12.4,.473,3.6,6.0,.593,.672,5.2,5.7,.922,0.9,3.9,4.8,4.2,1.0,0.1,3.6,1.6,30.0
Dyson Daniels,PG,20,NOP,9,2,25.4,2.8,6.3,.439,0.8,2.6,.304,2.0,3.8,.529,.500,1.0,1.8,.563,1.1,3.6,4.7,2.9,1.3,0.6,1.4,1.6,7.3
Anthony Davis,C,30,LAL,8,8,36.8,8.5,16.0,.531,0.4,0.9,.429,8.1,15.1,.537,.543,5.8,6.4,.902,3.3,8.6,11.9,3.4,0.9,3.0,1.4,3.3,23.1
Johnny Davis,SG,21,WAS,5,0,11.2,2.4,4.6,.522,0.2,0.4,.500,2.2,4.2,.524,.543,0.4,0.6,.667,0.6,0.8,1.4,0.2,0.8,0.2,0.4,1.0,5.4
DeMar DeRozan,SF,34,CHI,9,9,34.6,7.6,17.3,.436,0.7,2.1,.316,6.9,15.2,.453,.455,5.7,6.9,.823,1.1,2.0,3.1,4.6,1.3,0.8,0.9,2.2,21.4
Moussa Diabaté,C,22,LAC,5,0,6.8,1.4,2.4,.583,0.0,0.0,,1.4,2.4,.583,.583,1.0,1.2,.833,1.8,0.6,2.4,0.8,0.4,0.0,0.4,0.6,3.8
Gradey Dick,SG,20,TOR,8,0,14.1,1.1,4.1,.273,0.6,2.6,.238,0.5,1.5,.333,.348,0.3,0.3,1.000,0.5,1.1,1.6,0.9,0.3,0.0,0.6,1.6,3.1
Ousmane Dieng,PF,20,OKC,9,0,11.8,1.4,3.7,.394,0.8,2.7,.292,0.7,1.0,.667,.500,0.3,0.4,.750,0.6,1.7,2.2,1.0,0.1,0.0,0.4,0.7,4.0
Spencer Dinwiddie,PG,30,BRK,8,8,26.6,3.6,8.3,.439,2.4,5.6,.422,1.3,2.6,.476,.583,0.9,1.6,.538,0.1,2.9,3.0,5.0,0.3,0.0,1.5,1.4,10.5
Donte DiVincenzo,SG,27,NYK,8,0,19.4,2.5,6.8,.370,1.6,4.4,.371,0.9,2.4,.368,.491,0.6,1.1,.556,0.9,2.5,3.4,1.6,1.0,0.4,1.3,1.8,7.3
Luka Dončić,PG,24,DAL,9,9,36.7,11.2,21.7,.518,4.3,10.4,.415,6.9,11.2,.614,.618,6.1,7.8,.786,0.7,8.2,8.9,8.4,1.3,0.6,4.4,2.1,32.9
Luguentz Dort,SF,24,OKC,9,9,30.0,4.6,8.7,.526,2.6,4.8,.535,2.0,3.9,.514,.673,2.7,3.2,.828,1.3,3.3,4.7,1.3,1.3,1.1,1.3,2.8,14.3
Ayo Dosunmu,SG,24,CHI,7,0,11.7,1.9,4.0,.464,1.0,2.0,.500,0.9,2.0,.429,.589,0.3,0.3,1.000,0.6,0.9,1.4,0.9,0.3,0.1,0.4,0.4,5.0
Andre Drummond,C,30,CHI,9,0,13.6,2.7,4.7,.571,0.0,0.0,,2.7,4.7,.571,.571,0.8,1.4,.538,2.3,2.4,4.8,0.8,1.2,0.2,1.0,1.2,6.1
Chris Duarte,SF,26,SAC,8,0,14.8,1.4,4.5,.306,0.9,2.9,.304,0.5,1.6,.308,.403,1.0,1.4,.727,0.1,1.4,1.5,1.1,0.6,0.1,0.5,3.0,4.6
Kris Dunn,PG,29,UTA,8,0,12.8,1.6,4.0,.406,0.4,1.0,.375,1.3,3.0,.417,.453,0.5,0.8,.667,0.4,1.9,2.3,2.5,0.6,0.0,1.3,1.6,4.1
Kevin Durant,PF,35,PHO,9,9,36.8,10.4,20.6,.508,1.7,4.1,.405,8.8,16.4,.534,.549,7.7,9.2,.831,0.6,6.3,6.9,4.7,0.9,1.1,4.2,1.7,30.2
Jalen Duren,C,20,DET,8,8,28.9,5.8,9.3,.622,0.0,0.1,.000,5.8,9.1,.630,.622,1.1,1.5,.750,3.5,7.1,10.6,3.1,0.6,1.1,2.8,3.5,12.6
Tari Eason,PF,22,HOU,2,0,16.5,2.5,9.0,.278,0.5,2.0,.250,2.0,7.0,.286,.306,0.0,0.0,,2.5,6.0,8.5,1.0,0.0,1.5,1.0,2.0,5.5
Anthony Edwards,SG,22,MIN,8,8,35.6,10.4,20.8,.500,2.6,6.5,.404,7.8,14.3,.544,.563,4.5,5.6,.800,0.9,5.4,6.3,5.3,1.3,0.4,3.6,2.0,27.9
Kessler Edwards,SF,23,SAC,6,0,5.7,0.2,1.0,.167,0.2,0.7,.250,0.0,0.3,.000,.250,0.2,0.3,.500,0.0,0.8,0.8,0.5,0.2,0.2,0.2,0.8,0.7
Keon Ellis,SG,24,SAC,5,2,13.8,1.6,3.8,.421,1.0,3.2,.313,0.6,0.6,1.000,.553,1.2,2.2,.545,0.4,1.6,2.0,0.6,1.0,0.6,0.6,1.2,5.4
Joel Embiid,C,29,PHI,8,8,33.9,10.9,21.3,.512,1.4,3.6,.379,9.5,17.6,.539,.544,8.8,10.4,.843,2.9,8.6,11.5,5.5,0.6,2.3,3.9,2.5,31.9
Drew Eubanks,C,26,PHO,9,0,18.4,2.4,4.1,.595,0.0,0.0,,2.4,4.1,.595,.595,1.6,1.9,.824,1.3,3.8,5.1,2.1,0.3,1.7,1.3,2.2,6.4
Dante Exum,PG,28,DAL,8,0,7.3,1.3,2.8,.455,0.4,0.8,.500,0.9,2.0,.438,.523,0.3,0.5,.500,0.4,1.5,1.9,1.0,0.3,0.1,0.1,0.8,3.1
Bruno Fernando,C,25,ATL,3,0,2.3,0.0,0.3,.000,0.0,0.3,.000,0.0,0.0,,.000,0.0,0.0,,0.0,0.0,0.0,0.0,0.0,0.0,0.7,0.7,0.0
Dorian Finney-Smith,PF,30,BRK,9,8,32.2,4.9,10.1,.484,3.3,7.2,.462,1.6,2.9,.538,.648,0.1,0.3,.333,2.0,3.7,5.7,1.7,0.2,0.9,0.9,2.3,13.2
Malachi Flynn,PG,25,TOR,8,0,13.4,1.5,3.6,.414,1.0,2.0,.500,0.5,1.6,.308,.552,0.6,0.6,1.000,0.4,1.4,1.8,2.1,1.0,0.0,1.3,1.5,4.6
Simone Fontecchio,SF,28,UTA,8,0,10.0,2.0,4.0,.500,1.1,2.6,.429,0.9,1.4,.636,.641,0.0,0.0,,0.8,1.3,2.0,0.5,0.3,0.3,1.0,0.8,5.1
Jordan Ford,PG,25,SAC,3,0,3.7,0.7,1.3,.500,0.3,0.3,1.000,0.3,1.0,.333,.625,0.7,0.7,1.000,0.0,0.3,0.3,0.3,0.0,0.0,0.0,0.0,2.3
Trent Forrest,SG,25,ATL,1,0,5.0,0.0,0.0,,0.0,0.0,,0.0,0.0,,,0.0,0.0,,0.0,0.0,0.0,1.0,0.0,0.0,0.0,1.0,0.0
De'Aaron Fox,PG,26,SAC,3,3,35.3,11.3,23.3,.486,3.0,8.0,.375,8.3,15.3,.543,.550,5.7,7.0,.810,1.0,3.3,4.3,6.0,1.3,0.7,2.7,4.0,31.3
Alex Fudge,SF,20,LAL,1,0,4.0,0.0,1.0,.000,0.0,0.0,,0.0,1.0,.000,.000,0.0,0.0,,0.0,0.0,0.0,0.0,0.0,0.0,0.0,0.0,0.0
Markelle Fultz,PG,25,ORL,5,5,28.6,5.4,11.2,.482,0.0,0.6,.000,5.4,10.6,.509,.482,0.6,0.8,.750,1.6,1.8,3.4,4.0,1.2,0.4,1.2,1.2,11.4
Daniel Gafford,C,25,WAS,6,6,23.8,3.0,4.0,.750,0.0,0.0,,3.0,4.0,.750,.750,1.8,3.0,.611,2.7,4.3,7.0,1.0,0.3,2.8,1.7,4.2,7.8
Danilo Gallinari,PF,35,WAS,8,0,13.9,3.0,5.5,.545,0.9,2.4,.368,2.1,3.1,.680,.625,1.4,2.0,.688,0.6,1.8,2.4,1.5,0.3,0.1,0.5,0.8,8.3
Darius Garland,PG,24,CLE,4,4,32.5,6.0,12.8,.471,0.5,3.8,.133,5.5,9.0,.611,.490,4.5,5.0,.900,0.5,1.5,2.0,6.8,1.5,0.5,6.0,2.5,17.0
Luka Garza,C,25,MIN,2,0,3.0,1.5,2.5,.600,0.0,0.0,,1.5,2.5,.600,.600,0.5,1.0,.500,0.5,1.0,1.5,0.0,0.0,0.0,0.0,1.5,3.5
Kaiser Gates,SF,27,NOP,1,0,7.0,0.0,4.0,.000,0.0,2.0,.000,0.0,2.0,.000,.000,0.0,0.0,,0.0,1.0,1.0,0.0,0.0,0.0,0.0,0.0,0.0
Keyonte George,PG,20,UTA,10,2,22.6,2.6,6.9,.377,1.2,3.9,.308,1.4,3.0,.467,.464,0.9,1.2,.750,0.4,1.9,2.3,4.6,0.3,0.2,1.7,0.9,7.3
Paul George,PF,33,LAC,8,8,32.9,7.4,15.9,.465,3.1,8.0,.391,4.3,7.9,.540,.563,5.4,5.6,.956,0.5,4.6,5.1,3.3,2.4,0.1,2.8,2.4,23.3
Josh Giddey,SG,21,OKC,9,9,28.0,5.4,13.1,.415,0.4,2.0,.222,5.0,11.1,.450,.432,0.9,1.1,.800,1.1,4.6,5.7,4.6,0.6,0.3,2.9,1.1,12.2
Harry Giles,C,25,BRK,1,0,6.0,3.0,3.0,1.000,1.0,1.0,1.000,2.0,2.0,1.000,1.167,0.0,0.0,,0.0,1.0,1.0,0.0,0.0,0.0,1.0,1.0,7.0
Shai Gilgeous-Alexander,PG,25,OKC,8,8,35.5,11.0,21.3,.518,1.1,3.8,.300,9.9,17.5,.564,.544,5.6,6.3,.900,0.8,6.3,7.0,6.4,2.3,0.8,2.5,2.1,28.8
Anthony Gill,PF,31,WAS,5,0,7.2,1.2,2.6,.462,0.0,0.2,.000,1.2,2.4,.500,.462,1.2,1.6,.750,0.6,0.8,1.4,0.6,0.2,0.6,0.4,0.6,3.6
Collin Gillespie,PG,24,DEN,5,0,10.2,1.0,2.2,.455,0.6,1.8,.333,0.4,0.4,1.000,.591,0.2,0.2,1.000,0.0,0.4,0.4,0.8,0.6,0.0,0.2,1.4,2.8
Jacob Gilyard,PG,25,MEM,6,1,15.5,1.3,2.7,.500,1.2,2.3,.500,0.2,0.3,.500,.719,0.0,0.0,,0.3,0.8,1.2,3.8,0.3,0.2,0.7,0.7,3.8
Rudy Gobert,C,31,MIN,8,8,32.6,4.5,8.3,.545,0.0,0.0,,4.5,8.3,.545,.545,3.5,5.8,.609,4.0,9.1,13.1,1.0,0.8,1.9,1.6,2.6,12.5
Jordan Goodwin,PG,25,PHO,9,0,17.1,2.2,7.0,.317,1.1,3.4,.323,1.1,3.6,.313,.397,1.1,1.4,.769,1.1,2.7,3.8,1.8,1.0,0.3,1.0,1.1,6.7
Aaron Gordon,PF,28,DEN,9,9,31.2,5.8,10.6,.547,0.6,2.0,.278,5.2,8.6,.610,.574,1.3,2.4,.545,2.4,4.7,7.1,3.8,1.4,1.1,2.0,1.9,13.4
Eric Gordon,SG,35,PHO,9,5,29.6,5.6,12.4,.446,2.1,6.2,.339,3.4,6.2,.554,.531,0.3,0.3,1.000,0.6,1.7,2.2,3.0,1.0,0.4,1.4,1.0,13.6
Devonte' Graham,PG,28,SAS,1,0,12.0,0.0,2.0,.000,0.0,1.0,.000,0.0,1.0,.000,.000,2.0,2.0,1.000,1.0,0.0,1.0,1.0,2.0,1.0,0.0,0.0,2.0
Jerami Grant,PF,29,POR,8,8,37.0,7.5,18.3,.411,2.3,6.6,.340,5.3,11.6,.452,.473,5.5,7.1,.772,1.3,3.6,4.9,2.0,0.5,1.0,2.9,2.4,22.8
A.J. Green,SG,24,MIL,3,0,8.7,1.0,2.3,.429,0.7,1.7,.400,0.3,0.7,.500,.571,0.3,0.3,1.000,0.0,0.7,0.7,1.0,0.0,0.0,0.0,1.3,3.0
Danny Green,SG,36,PHI,2,0,9.0,0.0,1.0,.000,0.0,0.5,.000,0.0,0.5,.000,.000,0.0,0.0,,0.0,1.0,1.0,0.5,0.5,0.0,0.0,0.5,0.0
Draymond Green,PF,33,GSW,6,6,26.0,3.5,7.5,.467,1.0,2.3,.429,2.5,5.2,.484,.533,2.3,2.7,.875,1.5,3.5,5.0,6.7,0.8,0.8,2.0,2.2,10.3
Jalen Green,SG,21,HOU,8,8,31.8,6.6,14.8,.449,2.1,5.1,.415,4.5,9.6,.468,.521,4.9,6.5,.750,0.5,3.8,4.3,2.4,0.6,0.4,2.4,1.6,20.3
Jeff Green,PF,37,HOU,8,0,14.0,2.1,3.6,.586,0.3,0.9,.286,1.9,2.8,.682,.621,1.8,2.5,.700,1.3,1.9,3.1,0.5,0.1,0.1,0.6,1.1,6.3
Josh Green,SG,23,DAL,9,2,24.9,2.6,6.0,.426,1.3,3.4,.387,1.2,2.6,.478,.537,0.8,1.6,.500,0.6,1.7,2.2,2.0,1.0,0.2,1.0,2.0,7.2
AJ Griffin,SF,20,ATL,6,0,9.2,1.2,2.3,.500,0.8,1.8,.455,0.3,0.5,.667,.679,0.0,0.0,,0.2,0.7,0.8,0.3,0.2,0.0,0.7,0.3,3.2
Quentin Grimes,SG,23,NYK,8,8,23.9,2.8,6.6,.415,2.0,5.5,.364,0.8,1.1,.667,.566,0.0,0.1,.000,0.1,1.5,1.6,1.1,0.8,0.0,0.5,1.6,7.5
Mouhamed Gueye,PF,21,ATL,2,0,2.0,0.0,0.5,.000,0.0,0.5,.000,0.0,0.0,,.000,0.0,0.0,,0.0,0.0,0.0,0.0,0.5,0.0,0.0,0.5,0.0
Rui Hachimura,PF,25,LAL,5,0,18.0,4.2,7.8,.538,1.2,3.0,.400,3.0,4.8,.625,.615,1.4,2.4,.583,1.0,3.0,4.0,0.8,1.4,0.6,0.4,1.6,11.0
Tyrese Haliburton,PG,23,IND,8,8,32.8,8.3,16.4,.504,3.0,7.5,.400,5.3,8.9,.592,.595,4.1,4.4,.943,0.5,3.8,4.3,11.6,0.9,0.6,2.6,1.3,23.6
R.J. Hampton,PG,22,MIA,1,0,2.0,0.0,1.0,.000,0.0,0.0,,0.0,1.0,.000,.000,0.0,0.0,,0.0,0.0,0.0,0.0,0.0,0.0,0.0,0.0,0.0
Tim Hardaway Jr.,SF,31,DAL,9,0,28.6,6.1,13.9,.440,3.6,9.1,.390,2.6,4.8,.535,.568,2.1,2.1,1.000,0.4,3.3,3.8,1.6,0.3,0.0,1.1,0.7,17.9
James Harden,SG,34,LAC,3,3,32.0,4.3,8.0,.542,2.0,4.0,.500,2.3,4.0,.583,.667,3.7,3.7,1.000,0.0,5.3,5.3,4.7,1.7,0.0,3.0,0.7,14.3
Jaden Hardy,SG,21,DAL,7,0,12.6,2.6,6.1,.419,1.1,3.1,.364,1.4,3.0,.476,.512,1.9,2.4,.765,0.1,1.6,1.7,1.1,0.1,0.0,0.6,0.7,8.1
Gary Harris,SG,29,ORL,5,1,17.8,3.0,5.2,.577,1.8,3.6,.500,1.2,1.6,.750,.750,0.2,0.6,.333,0.8,1.4,2.2,1.4,0.2,0.4,0.8,0.4,8.0
Joe Harris,SG,32,DET,7,0,14.0,1.3,3.6,.360,0.9,2.7,.316,0.4,0.9,.500,.480,0.0,0.0,,0.3,0.7,1.0,0.9,0.3,0.0,0.4,1.7,3.4
Tobias Harris,PF,31,PHI,8,8,36.5,7.0,11.9,.589,1.4,3.4,.407,5.6,8.5,.662,.647,4.5,5.0,.900,0.9,5.4,6.3,2.6,1.0,0.6,2.4,1.8,19.9
Josh Hart,SF,28,NYK,8,2,26.9,2.4,6.8,.352,0.9,3.3,.269,1.5,3.5,.429,.417,0.5,0.6,.800,1.0,5.5,6.5,2.5,1.0,0.1,1.0,1.9,6.1
Isaiah Hartenstein,C,25,NYK,8,0,17.0,2.9,4.8,.605,0.0,0.3,.000,2.9,4.5,.639,.605,1.1,1.8,.643,2.4,2.0,4.4,1.1,1.3,0.3,0.9,2.9,6.9
Sam Hauser,SF,26,BOS,8,0,19.4,3.0,6.5,.462,2.5,5.9,.426,0.5,0.6,.800,.654,0.5,0.5,1.000,0.6,2.5,3.1,0.3,0.8,0.5,0.5,1.9,9.0
Jordan Hawkins,SG,21,NOP,9,6,29.1,4.2,11.1,.380,2.8,7.6,.368,1.4,3.6,.406,.505,1.7,2.1,.789,0.8,3.2,4.0,1.6,0.9,0.0,1.2,2.3,12.9
Jaxson Hayes,C,23,LAL,7,0,8.4,0.6,1.0,.571,0.0,0.0,,0.6,1.0,.571,.571,0.4,0.6,.750,0.3,1.3,1.6,0.3,0.1,0.3,0.7,1.7,1.6
Killian Hayes,PG,22,DET,10,10,31.1,4.2,10.4,.404,1.2,3.7,.324,3.0,6.7,.448,.462,1.7,2.2,.773,0.4,2.9,3.3,4.9,1.4,0.5,1.0,2.6,11.3
Gordon Hayward,SF,33,CHO,8,8,33.1,7.1,14.9,.479,1.1,2.8,.409,6.0,12.1,.495,.517,3.3,4.6,.703,1.3,4.5,5.8,5.6,1.9,0.8,1.9,1.9,18.6
Scoot Henderson,PG,19,POR,5,5,28.4,3.6,10.4,.346,0.4,4.2,.095,3.2,6.2,.516,.365,1.2,1.4,.857,0.6,1.6,2.2,4.6,0.6,0.2,4.0,4.0,8.8
Taylor Hendricks,PF,20,UTA,1,0,2.0,0.0,0.0,,0.0,0.0,,0.0,0.0,,,1.0,2.0,.500,0.0,1.0,1.0,0.0,0.0,0.0,0.0,0.0,1.0
Tyler Herro,SG,24,MIA,8,8,34.0,8.5,19.0,.447,3.1,7.6,.410,5.4,11.4,.473,.530,2.8,3.1,.880,0.4,4.6,5.0,4.6,1.4,0.0,2.5,1.6,22.9
Buddy Hield,SF,31,IND,9,0,23.2,4.8,11.4,.417,3.1,8.3,.373,1.7,3.1,.536,.553,0.1,0.2,.500,0.7,2.7,3.3,3.0,0.6,0.7,1.7,1.4,12.8
Haywood Highsmith,PF,27,MIA,4,3,23.3,3.3,5.5,.591,2.0,4.0,.500,1.3,1.5,.833,.773,0.5,0.5,1.000,0.5,1.3,1.8,0.8,0.8,1.3,0.8,1.8,9.0
Nate Hinton,SG,24,HOU,2,0,4.0,1.0,2.0,.500,1.0,1.0,1.000,0.0,1.0,.000,.750,0.0,0.0,,0.0,0.0,0.0,0.0,0.0,0.0,0.0,0.5,3.0
D'Moi Hodge,SG,25,LAL,2,0,7.5,0.5,2.5,.200,0.0,2.0,.000,0.5,0.5,1.000,.200,0.5,1.0,.500,0.0,0.0,0.0,0.5,0.0,0.5,0.5,1.0,1.5
Aaron Holiday,PG,27,HOU,6,0,15.5,2.0,4.3,.462,0.7,1.7,.400,1.3,2.7,.500,.538,0.5,0.5,1.000,0.2,1.3,1.5,1.2,0.3,0.0,0.7,1.0,5.2
Jrue Holiday,PG,33,BOS,8,8,34.1,5.1,11.6,.441,1.6,4.6,.351,3.5,7.0,.500,.511,1.5,1.8,.857,2.0,5.9,7.9,5.8,0.6,1.0,1.6,1.6,13.4
Justin Holiday,SG,34,DEN,3,0,5.7,0.7,1.3,.500,0.7,1.3,.500,0.0,0.0,,.750,0.0,0.0,,0.0,1.3,1.3,0.0,0.0,0.0,0.0,0.3,2.0
Richaun Holmes,C,30,DAL,1,0,7.0,1.0,2.0,.500,0.0,0.0,,1.0,2.0,.500,.500,0.0,0.0,,2.0,1.0,3.0,1.0,0.0,0.0,1.0,2.0,2.0
Chet Holmgren,C,21,OKC,9,9,29.8,5.7,10.2,.554,1.7,3.3,.500,4.0,6.9,.581,.636,3.2,3.7,.879,1.8,6.0,7.8,2.4,1.0,2.3,2.2,3.3,16.2
Al Horford,C,37,BOS,7,2,24.1,2.0,5.7,.350,0.7,3.1,.227,1.3,2.6,.500,.413,0.3,0.3,1.000,2.3,3.9,6.1,2.1,0.7,0.7,1.4,1.4,5.0
Talen Horton-Tucker,PG,23,UTA,10,8,23.4,4.0,10.0,.400,1.3,3.7,.351,2.7,6.3,.429,.465,0.7,0.9,.778,0.6,2.6,3.2,5.2,1.0,0.6,2.3,2.1,10.0
Danuel House Jr.,SF,30,PHI,3,0,9.7,1.0,2.3,.429,0.0,1.0,.000,1.0,1.3,.750,.429,0.3,0.3,1.000,0.3,1.0,1.3,0.7,0.3,0.3,1.0,0.3,2.3
Caleb Houstan,SF,21,ORL,4,0,6.3,1.0,2.3,.444,0.8,2.0,.375,0.3,0.3,1.000,.611,0.3,0.3,1.000,0.0,0.8,0.8,0.3,0.0,0.0,0.0,0.3,3.0
Jett Howard,SF,20,ORL,3,0,4.0,0.3,1.3,.250,0.0,0.7,.000,0.3,0.7,.500,.250,0.0,0.0,,0.3,0.3,0.7,0.3,0.0,0.0,0.0,0.0,0.7
Kevin Huerter,SG,25,SAC,8,8,27.1,4.3,10.9,.391,2.0,6.5,.308,2.3,4.4,.514,.483,1.0,1.3,.800,0.8,4.8,5.5,2.6,1.0,0.5,1.4,2.3,11.5
De'Andre Hunter,SF,26,ATL,8,8,30.0,4.8,10.4,.458,1.9,5.1,.366,2.9,5.3,.548,.548,2.9,3.6,.793,0.5,3.4,3.9,1.3,1.0,0.4,1.4,3.3,14.3
Bones Hyland,PG,23,LAC,8,2,23.5,4.4,10.0,.438,1.9,5.3,.357,2.5,4.8,.526,.531,1.1,1.3,.900,0.3,1.4,1.6,2.9,0.8,0.0,2.0,2.6,11.8
Joe Ingles,SF,36,ORL,8,0,18.3,0.8,3.3,.231,0.5,2.1,.235,0.3,1.1,.222,.308,0.3,0.4,.667,0.5,2.0,2.5,2.8,1.0,0.1,0.9,1.5,2.3
Brandon Ingram,SF,26,NOP,6,6,34.2,9.3,19.3,.483,1.0,5.0,.200,8.3,14.3,.581,.509,3.3,4.2,.800,0.7,4.7,5.3,4.7,0.5,0.3,3.7,2.0,23.0
Kyrie Irving,SG,31,DAL,7,7,34.3,7.9,18.3,.430,2.1,6.4,.333,5.7,11.9,.482,.488,3.4,3.9,.889,0.7,3.4,4.1,6.7,1.6,0.4,1.9,2.0,21.3
Jonathan Isaac,PF,26,ORL,6,0,12.0,1.5,4.3,.346,0.5,2.7,.188,1.0,1.7,.600,.404,1.3,1.8,.727,0.5,2.7,3.2,0.3,0.5,1.3,0.5,1.3,4.8
Jaden Ivey,SG,21,DET,6,0,20.7,4.3,8.8,.491,1.5,3.7,.409,2.8,5.2,.548,.575,1.7,2.0,.833,0.7,1.8,2.5,2.5,0.7,0.5,1.8,3.2,11.8
Andre Jackson Jr.,SG,22,MIL,4,0,5.5,0.3,0.5,.500,0.0,0.3,.000,0.3,0.3,1.000,.500,0.0,0.0,,0.3,1.0,1.3,1.0,0.8,0.0,0.3,2.3,0.5
Gregory Jackson II,PF,19,MEM,1,0,1.0,0.0,0.0,,0.0,0.0,,0.0,0.0,,,0.0,0.0,,0.0,0.0,0.0,0.0,0.0,0.0,0.0,0.0,0.0
Isaiah Jackson,C,22,IND,4,0,14.0,2.3,3.5,.643,0.0,0.0,,2.3,3.5,.643,.643,0.8,1.3,.600,1.0,2.3,3.3,0.5,0.3,2.0,0.3,2.8,5.3
Jaren Jackson Jr.,C,24,MEM,9,9,31.8,7.6,15.2,.496,1.8,5.2,.340,5.8,10.0,.578,.555,4.6,5.7,.804,1.9,4.9,6.8,2.4,0.3,1.9,1.8,3.2,21.4
Reggie Jackson,PG,33,DEN,9,2,23.0,3.8,8.8,.430,1.4,4.0,.361,2.3,4.8,.488,.513,0.6,1.0,.556,0.1,1.4,1.6,3.8,1.0,0.3,1.1,1.4,9.6
Trayce Jackson-Davis,PF,23,GSW,6,0,9.2,1.5,2.5,.600,0.0,0.0,,1.5,2.5,.600,.600,1.3,2.3,.571,1.3,1.3,2.7,0.3,0.2,0.8,0.3,1.8,4.3
LeBron James,PF,39,LAL,9,9,35.0,9.7,17.0,.569,1.8,5.1,.348,7.9,11.9,.664,.621,4.1,6.2,.661,0.6,7.9,8.4,5.4,1.3,1.0,4.1,1.6,25.2
Jaime Jaquez Jr.,SF,22,MIA,8,2,18.6,2.8,5.5,.500,0.6,2.5,.250,2.1,3.0,.708,.557,0.4,0.5,.750,0.9,2.0,2.9,1.9,1.1,0.3,1.0,2.1,6.5
DaQuan Jeffries,SG,26,NYK,3,0,3.0,0.7,1.3,.500,0.3,1.0,.333,0.3,0.3,1.000,.625,0.0,0.0,,0.0,0.7,0.7,0.0,0.0,0.0,0.3,0.3,1.7
Ty Jerome,SG,26,CLE,2,0,7.5,1.0,2.0,.500,0.0,0.5,.000,1.0,1.5,.667,.500,0.0,0.0,,0.5,0.0,0.5,1.5,0.0,0.0,0.5,1.0,2.0
Isaiah Joe,SG,24,OKC,9,0,19.9,2.9,7.6,.382,2.4,6.2,.393,0.4,1.3,.333,.544,1.2,1.6,.786,0.1,1.9,2.0,1.1,0.7,0.0,0.9,1.3,9.4
Cameron Johnson,PF,27,BRK,2,2,25.5,4.5,11.5,.391,2.0,5.0,.400,2.5,6.5,.385,.478,0.5,1.0,.500,2.0,3.0,5.0,1.5,1.0,0.0,1.5,2.0,11.5
Jalen Johnson,SF,22,ATL,8,5,30.3,6.1,10.3,.598,1.0,2.9,.348,5.1,7.4,.695,.646,1.6,2.5,.650,2.0,6.9,8.9,2.6,1.1,0.8,2.0,2.6,14.9
Keldon Johnson,SF,24,SAS,9,9,31.8,5.8,13.1,.441,1.4,4.6,.317,4.3,8.6,.506,.496,1.8,2.7,.667,0.9,4.6,5.4,4.1,0.8,0.2,1.2,3.0,14.8
Keyontae Johnson,SF,23,OKC,1,0,6.0,0.0,1.0,.000,0.0,0.0,,0.0,1.0,.000,.000,0.0,0.0,,0.0,0.0,0.0,0.0,0.0,0.0,0.0,0.0,0.0
Nikola Jokić,C,28,DEN,9,9,34.2,11.9,19.1,.622,1.4,4.3,.333,10.4,14.8,.707,.660,3.9,5.4,.714,3.1,9.8,12.9,8.0,1.1,0.8,3.4,2.1,29.1
Colby Jones,SG,21,SAC,5,0,10.0,1.6,3.4,.471,0.2,0.8,.250,1.4,2.6,.538,.500,0.4,0.4,1.000,1.0,1.4,2.4,0.4,0.2,0.2,0.6,1.0,3.8
Damian Jones,C,28,CLE,5,0,6.6,0.6,0.6,1.000,0.0,0.0,,0.6,0.6,1.000,1.000,0.2,0.4,.500,0.4,1.0,1.4,0.4,0.0,0.2,0.4,0.6,1.4
Derrick Jones Jr.,SF,26,DAL,9,9,22.7,3.4,6.8,.508,1.4,3.9,.371,2.0,2.9,.692,.615,0.8,1.1,.700,0.9,2.6,3.4,1.0,0.7,0.7,0.9,1.2,9.1
Herbert Jones,SF,25,NOP,7,7,31.1,3.4,7.3,.471,0.9,3.3,.261,2.6,4.0,.643,.529,2.3,2.6,.889,0.6,3.3,3.9,1.7,1.6,1.6,1.3,3.4,10.0
Tre Jones,PG,24,SAS,9,0,25.8,3.2,7.2,.446,0.6,2.2,.250,2.7,5.0,.533,.485,1.8,1.9,.941,0.8,2.4,3.2,6.0,0.8,0.4,1.4,1.3,8.8
Tyus Jones,PG,27,WAS,8,8,26.8,4.4,9.4,.467,1.5,3.9,.387,2.9,5.5,.523,.547,0.3,0.5,.500,0.5,2.3,2.8,5.3,1.0,0.3,1.0,1.3,10.5
DeAndre Jordan,C,35,DEN,1,0,12.0,0.0,0.0,,0.0,0.0,,0.0,0.0,,,1.0,2.0,.500,1.0,0.0,1.0,1.0,0.0,0.0,1.0,2.0,1.0
Cory Joseph,PG,32,GSW,3,0,3.7,0.0,0.3,.000,0.0,0.3,.000,0.0,0.0,,.000,0.0,0.0,,0.3,0.3,0.7,0.7,0.3,0.0,0.0,0.7,0.0
Nikola Jović,PF,20,MIA,2,1,14.0,2.0,4.0,.500,1.5,2.5,.600,0.5,1.5,.333,.688,1.0,1.0,1.000,0.0,7.5,7.5,2.0,0.5,0.0,1.0,1.0,6.5
Luke Kennard,SG,27,MEM,6,0,23.7,2.8,8.0,.354,2.2,6.3,.342,0.7,1.7,.400,.490,1.0,1.0,1.000,0.3,2.8,3.2,2.3,0.7,0.2,0.8,0.5,8.8
Walker Kessler,C,22,UTA,8,8,24.0,3.5,6.4,.549,0.3,0.8,.333,3.3,5.6,.578,.569,1.0,1.6,.615,3.4,4.5,7.9,0.3,0.0,2.1,1.0,2.1,8.3
Braxton Key,SF,26,DEN,4,0,2.5,0.3,1.0,.250,0.0,0.3,.000,0.3,0.8,.333,.250,0.0,0.0,,0.0,0.3,0.3,0.8,0.0,0.0,0.0,0.5,0.5
Corey Kispert,SF,24,WAS,7,0,21.0,3.7,7.6,.491,2.0,4.9,.412,1.7,2.7,.632,.623,1.1,1.6,.727,0.4,2.1,2.6,0.9,0.1,0.0,1.3,1.6,10.6
Maxi Kleber,C,32,DAL,5,1,18.0,0.8,3.2,.250,0.6,1.8,.333,0.2,1.4,.143,.344,1.2,2.0,.600,0.8,3.4,4.2,2.0,0.2,0.2,0.8,1.6,3.4
John Konchar,SF,27,MEM,6,0,20.2,1.7,3.7,.455,0.8,2.0,.417,0.8,1.7,.500,.568,0.0,0.0,,1.2,3.5,4.7,1.3,0.8,0.8,0.2,0.7,4.2
Furkan Korkmaz,SG,26,PHI,6,0,10.2,1.2,2.5,.467,0.5,1.0,.500,0.7,1.5,.444,.567,0.5,0.8,.600,0.2,0.8,1.0,0.5,0.7,0.0,0.7,0.5,3.3
Luke Kornet,C,28,BOS,7,0,10.9,1.4,2.0,.714,0.0,0.0,,1.4,2.0,.714,.714,0.7,0.9,.833,1.3,1.7,3.0,0.6,0.4,0.3,0.1,1.0,3.6
Jonathan Kuminga,PF,21,GSW,8,0,20.1,4.5,10.6,.424,0.5,2.3,.222,4.0,8.4,.478,.447,2.9,3.9,.742,1.0,2.0,3.0,0.8,0.6,0.5,1.5,2.8,12.4
Kyle Kuzma,PF,28,WAS,8,8,29.3,9.8,19.6,.497,2.5,7.0,.357,7.3,12.6,.574,.561,2.0,2.4,.842,1.4,5.4,6.8,3.0,0.1,0.4,1.9,1.3,24.0
Jock Landale,C,28,HOU,6,0,12.5,0.8,3.0,.278,0.3,1.5,.222,0.5,1.5,.333,.333,0.3,0.3,1.000,1.2,1.3,2.5,1.2,0.5,0.3,0.8,0.8,2.3
Jake LaRavia,PF,22,MEM,5,0,12.2,1.4,4.0,.350,0.4,2.4,.167,1.0,1.6,.625,.400,0.2,0.4,.500,0.6,1.0,1.6,0.4,0.2,0.0,0.4,1.6,3.4
Zach LaVine,SG,28,CHI,9,9,34.8,7.6,17.8,.425,2.4,7.2,.338,5.1,10.6,.484,.494,4.9,5.8,.846,0.4,4.2,4.7,2.9,0.8,0.2,2.4,2.2,22.4
Saben Lee,PG,24,PHO,3,0,3.3,1.0,2.0,.500,0.0,0.3,.000,1.0,1.7,.600,.500,0.0,0.0,,0.7,0.3,1.0,1.0,0.0,0.3,0.0,0.3,2.0
Alex Len,C,30,SAC,5,0,7.0,1.0,1.2,.833,0.0,0.2,.000,1.0,1.0,1.000,.833,0.6,1.4,.429,1.4,1.8,3.2,0.4,0.2,1.0,0.4,0.4,2.6
Kawhi Leonard,SF,32,LAC,8,8,33.0,8.3,17.3,.478,2.8,6.5,.423,5.5,10.8,.512,.558,2.8,3.5,.786,1.3,4.4,5.6,4.0,1.4,0.3,1.8,1.6,22.0
Caris LeVert,SG,29,CLE,7,1,33.4,6.3,15.3,.411,2.1,6.3,.341,4.1,9.0,.460,.481,3.6,5.0,.714,0.3,4.1,4.4,4.4,0.9,0.4,1.6,2.0,18.3
Kira Lewis Jr.,PG,22,NOP,8,0,13.1,1.3,4.3,.294,0.1,1.6,.077,1.1,2.6,.429,.309,0.9,1.0,.875,0.3,0.9,1.1,1.5,0.5,0.1,0.5,0.9,3.5
Maxwell Lewis,SF,21,LAL,3,0,4.3,0.0,0.7,.000,0.0,0.0,,0.0,0.7,.000,.000,0.0,0.0,,0.0,0.3,0.3,0.0,0.0,0.0,0.3,0.0,0.0
E.J. Liddell,PF,23,NOP,3,0,3.0,0.3,1.3,.250,0.0,1.0,.000,0.3,0.3,1.000,.250,0.7,0.7,1.000,0.0,0.7,0.7,0.0,0.0,0.3,0.3,0.3,1.3
Damian Lillard,PG,33,MIL,7,7,33.7,6.3,15.7,.400,2.4,8.3,.293,3.9,7.4,.519,.477,9.3,10.0,.929,0.6,3.9,4.4,4.7,1.1,0.1,2.6,1.3,24.3
Nassir Little,PF,23,PHO,5,0,11.6,1.2,2.8,.429,0.6,2.0,.300,0.6,0.8,.750,.536,0.8,0.8,1.000,0.2,1.2,1.4,0.2,1.0,0.2,0.4,1.6,3.8
Dereck Lively II,C,19,DAL,8,7,24.3,3.9,5.5,.705,0.0,0.1,.000,3.9,5.4,.721,.705,0.9,1.6,.538,2.8,4.5,7.3,1.1,0.6,1.0,1.0,3.6,8.6
Chris Livingston,SF,20,MIL,1,0,6.0,2.0,2.0,1.000,1.0,1.0,1.000,1.0,1.0,1.000,1.250,0.0,0.0,,0.0,0.0,0.0,1.0,0.0,0.0,0.0,0.0,5.0
Kenneth Lofton Jr.,PF,21,MEM,6,0,9.0,1.2,2.7,.438,0.3,0.7,.500,0.8,2.0,.417,.500,0.5,1.7,.300,0.3,1.2,1.5,1.2,0.3,0.3,0.5,1.8,3.2
Kevon Looney,C,27,GSW,9,9,23.6,2.9,4.2,.684,0.0,0.0,,2.9,4.2,.684,.684,0.9,1.1,.800,2.7,6.0,8.7,3.2,0.9,0.6,1.2,2.8,6.7
Brook Lopez,C,35,MIL,8,8,26.6,3.5,8.9,.394,1.8,5.0,.350,1.8,3.9,.452,.493,0.8,0.9,.857,1.4,2.9,4.3,0.8,0.9,2.1,1.0,2.3,9.5
Robin Lopez,C,35,MIL,1,0,6.0,0.0,0.0,,0.0,0.0,,0.0,0.0,,,2.0,2.0,1.000,0.0,0.0,0.0,1.0,0.0,0.0,1.0,0.0,2.0
Kevin Love,PF,35,MIA,3,3,22.0,2.7,7.3,.364,2.0,5.0,.400,0.7,2.3,.286,.500,1.0,1.3,.750,1.3,6.7,8.0,2.3,0.3,0.0,1.0,2.3,8.3
Kyle Lowry,PG,37,MIA,8,8,30.8,2.4,5.8,.413,1.8,4.4,.400,0.6,1.4,.455,.565,0.4,0.4,1.000,1.1,3.8,4.9,5.3,1.4,0.4,1.9,2.8,6.9
Théo Maledon,PG,22,CHO,8,0,17.5,2.1,5.9,.362,0.4,2.5,.150,1.8,3.4,.519,.394,1.1,1.3,.900,0.3,2.0,2.3,2.0,0.9,0.0,1.3,1.6,5.8
Sandro Mamukelashvili,C,24,SAS,3,0,6.3,0.7,1.7,.400,0.0,1.0,.000,0.7,0.7,1.000,.400,0.3,0.7,.500,1.3,1.0,2.3,0.3,0.3,0.0,0.0,0.7,1.7
Terance Mann,SG,27,LAC,2,0,24.0,2.5,5.0,.500,0.5,2.5,.200,2.0,2.5,.800,.550,0.0,0.0,,1.5,3.5,5.0,2.0,0.0,0.0,1.0,2.5,5.5
Tre Mann,PG,22,OKC,3,0,4.0,1.7,2.3,.714,0.3,0.7,.500,1.3,1.7,.800,.786,0.3,0.3,1.000,0.3,1.0,1.3,0.7,0.0,0.0,0.3,0.0,4.0
Boban Marjanović,C,35,HOU,3,0,6.7,1.7,3.0,.556,0.0,0.3,.000,1.7,2.7,.625,.556,0.0,0.3,.000,0.7,2.0,2.7,1.0,0.0,0.3,0.0,0.7,3.3
Lauri Markkanen,PF,26,UTA,10,10,33.5,8.1,16.7,.485,4.1,9.2,.446,4.0,7.5,.533,.608,3.9,4.4,.886,2.4,6.2,8.6,1.6,0.9,0.8,1.7,2.5,24.2
Caleb Martin,SF,28,MIA,1,0,20.0,1.0,7.0,.143,0.0,3.0,.000,1.0,4.0,.250,.143,0.0,0.0,,1.0,2.0,3.0,1.0,1.0,0.0,0.0,1.0,2.0
KJ Martin,SF,23,TOT,5,0,7.8,0.8,2.2,.364,0.2,1.0,.200,0.6,1.2,.500,.409,0.2,0.4,.500,0.2,0.6,0.8,0.4,0.4,0.2,0.6,1.0,2.0
Garrison Mathews,SG,27,ATL,2,0,4.0,0.0,1.0,.000,0.0,1.0,.000,0.0,0.0,,.000,0.0,0.0,,0.0,0.5,0.5,0.0,0.0,0.0,0.0,0.5,0.0
Bennedict Mathurin,SF,21,IND,9,9,25.6,5.1,11.7,.438,1.3,4.0,.333,3.8,7.7,.493,.495,2.3,2.9,.808,1.8,2.7,4.4,2.7,0.9,0.1,1.4,1.4,13.9
Tyrese Maxey,PG,23,PHI,8,8,37.8,9.1,19.0,.480,3.0,7.6,.393,6.1,11.4,.538,.559,4.6,5.0,.925,0.6,4.6,5.3,7.5,1.1,0.8,1.0,1.9,25.9
Skylar Mays,PG,26,POR,7,0,14.3,2.4,6.1,.395,0.4,2.3,.188,2.0,3.9,.519,.430,0.9,0.9,1.000,0.1,0.6,0.7,2.7,0.9,0.0,0.9,1.0,6.1
Miles McBride,PG,23,NYK,5,0,4.4,0.6,1.6,.375,0.2,1.2,.167,0.4,0.4,1.000,.438,0.2,0.4,.500,0.0,0.2,0.2,0.2,0.6,0.0,0.0,0.4,1.6
CJ McCollum,PG,32,NOP,6,6,34.3,7.3,16.7,.440,3.2,8.3,.380,4.2,8.3,.500,.535,3.8,5.2,.742,0.8,4.0,4.8,5.7,1.5,0.8,1.3,2.3,21.7
T.J. McConnell,PG,31,IND,5,0,13.2,2.8,4.8,.583,0.0,0.2,.000,2.8,4.6,.609,.583,1.2,1.2,1.000,0.6,2.0,2.6,3.8,0.6,0.0,0.6,1.0,6.8
Jaden McDaniels,SF,23,MIN,6,6,27.0,4.5,8.5,.529,1.5,3.5,.429,3.0,5.0,.600,.618,0.0,0.0,,1.0,2.2,3.2,1.5,0.7,0.7,1.2,4.0,10.5
Jalen McDaniels,SF,26,TOR,6,0,9.3,0.3,2.3,.143,0.2,1.8,.091,0.2,0.5,.333,.179,0.0,0.0,,0.2,1.0,1.2,0.7,0.3,0.2,0.2,0.7,0.8
Doug McDermott,SF,32,SAS,9,0,16.9,2.7,5.4,.490,2.2,4.3,.513,0.4,1.1,.400,.694,0.3,0.4,.750,0.1,1.0,1.1,1.3,0.2,0.1,0.6,1.4,7.9
JaVale McGee,C,36,SAC,6,0,12.7,3.5,5.5,.636,0.0,0.2,.000,3.5,5.3,.656,.636,0.8,1.2,.714,1.5,1.8,3.3,0.2,0.2,0.5,1.0,0.8,7.8
Bryce McGowens,SG,21,CHO,3,0,12.7,0.3,1.0,.333,0.0,0.7,.000,0.3,0.3,1.000,.333,1.0,1.3,.750,0.0,2.3,2.3,0.7,0.7,0.0,1.0,1.7,1.7
Jordan McLaughlin,PG,27,MIN,5,0,3.8,0.2,0.8,.250,0.2,0.4,.500,0.0,0.4,.000,.375,0.4,0.4,1.000,0.0,0.0,0.0,1.0,0.0,0.4,0.0,0.4,1.0
De'Anthony Melton,SG,25,PHI,8,8,27.3,2.6,8.8,.300,1.6,5.0,.325,1.0,3.8,.267,.393,1.0,1.6,.615,0.4,2.9,3.3,4.1,1.5,0.4,1.1,2.4,7.9
Sam Merrill,SG,27,CLE,3,0,7.0,0.7,2.0,.333,0.7,1.7,.400,0.0,0.3,.000,.500,0.0,0.0,,0.3,0.7,1.0,1.0,0.7,0.0,0.3,0.0,2.0
Chimezie Metu,C,26,PHO,3,0,3.0,0.3,1.0,.333,0.0,0.3,.000,0.3,0.7,.500,.333,0.7,0.7,1.000,0.0,0.7,0.7,0.3,0.0,0.3,0.3,0.0,1.3
Vasilije Micić,PG,30,OKC,3,0,10.7,1.3,3.0,.444,0.7,1.7,.400,0.7,1.3,.500,.556,0.0,0.0,,0.0,0.3,0.3,2.3,0.0,0.0,1.3,0.7,3.3
Khris Middleton,SF,32,MIL,6,6,18.7,4.2,8.7,.481,1.2,3.7,.318,3.0,5.0,.600,.548,1.8,2.3,.786,0.7,3.0,3.7,3.5,0.7,0.0,1.5,1.2,11.3
Brandon Miller,SF,21,CHO,8,3,31.1,4.9,11.6,.419,1.1,4.3,.265,3.8,7.4,.508,.468,2.1,2.6,.810,1.5,2.9,4.4,1.8,0.5,0.6,1.0,3.6,13.0
Jordan Miller,SF,24,LAC,2,0,3.5,1.0,1.5,.667,0.5,0.5,1.000,0.5,1.0,.500,.833,0.0,0.0,,0.0,0.0,0.0,0.0,0.0,0.0,0.0,1.0,2.5
Leonard Miller,SF,20,MIN,1,0,2.0,0.0,1.0,.000,0.0,0.0,,0.0,1.0,.000,.000,0.0,0.0,,0.0,1.0,1.0,0.0,0.0,0.0,0.0,0.0,0.0
Shake Milton,SG,27,MIN,8,0,15.5,1.8,4.6,.378,0.8,2.3,.333,1.0,2.4,.421,.459,1.0,1.4,.727,0.3,1.6,1.9,1.3,0.9,0.1,1.3,1.5,5.3
Justin Minaya,SF,24,POR,1,0,8.0,0.0,0.0,,0.0,0.0,,0.0,0.0,,,0.0,0.0,,1.0,1.0,2.0,0.0,0.0,0.0,1.0,1.0,0.0
Josh Minott,SF,21,MIN,5,0,2.6,0.6,1.2,.500,0.0,0.4,.000,0.6,0.8,.750,.500,0.4,0.6,.667,0.0,0.0,0.0,0.2,0.0,0.2,0.0,0.4,1.6
Davion Mitchell,PG,25,SAC,8,3,21.0,2.4,6.4,.373,1.3,3.8,.333,1.1,2.6,.429,.471,0.1,0.1,1.000,0.1,1.5,1.6,2.8,0.5,0.3,1.0,2.4,6.1
Donovan Mitchell,SG,27,CLE,7,7,35.9,11.1,21.9,.510,3.4,9.4,.364,7.7,12.4,.621,.588,5.0,5.6,.897,1.1,3.7,4.9,5.6,2.3,0.6,2.7,2.1,30.7
Evan Mobley,PF,22,CLE,8,8,32.9,6.6,13.1,.505,0.1,0.6,.200,6.5,12.5,.520,.510,2.4,3.4,.704,2.9,7.9,10.8,3.1,0.8,2.1,2.0,2.6,15.8
Isaiah Mobley,PF,24,CLE,1,0,1.0,0.0,0.0,,0.0,0.0,,0.0,0.0,,,0.0,0.0,,0.0,1.0,1.0,0.0,0.0,0.0,0.0,1.0,0.0
Malik Monk,SG,25,SAC,8,0,23.6,4.4,11.1,.393,2.0,5.9,.340,2.4,5.3,.452,.483,3.6,4.4,.829,0.9,1.6,2.5,5.6,0.4,0.8,2.3,1.6,14.4
Moses Moody,SG,21,GSW,9,1,17.6,2.7,5.7,.471,1.2,3.4,.355,1.4,2.2,.650,.578,0.7,1.0,.667,0.7,2.0,2.7,1.2,1.3,0.3,0.3,0.8,7.2
Marcus Morris,PF,34,PHI,2,0,6.0,0.5,1.0,.500,0.0,0.0,,0.5,1.0,.500,.500,0.5,0.5,1.000,0.0,1.0,1.0,0.0,0.0,0.5,0.0,1.0,1.5
Dejounte Murray,SG,27,ATL,8,8,34.3,8.1,16.6,.489,2.3,5.8,.391,5.9,10.9,.540,.556,3.3,3.9,.839,0.8,3.8,4.5,5.6,1.1,0.4,2.8,1.4,21.8
Jamal Murray,PG,26,DEN,7,7,30.9,6.0,13.9,.433,2.0,4.6,.438,4.0,9.3,.431,.505,2.3,2.7,.842,0.4,2.1,2.6,7.4,0.3,0.7,2.3,1.9,16.3
Keegan Murray,SF,23,SAC,8,8,34.3,5.1,14.4,.357,2.1,8.3,.258,3.0,6.1,.490,.430,1.4,1.6,.846,2.0,4.8,6.8,2.0,1.5,0.9,1.4,2.5,13.8
Kris Murray,SF,23,POR,3,0,6.7,0.0,0.7,.000,0.0,0.3,.000,0.0,0.3,.000,.000,0.0,0.0,,0.0,0.3,0.3,0.0,0.3,0.3,0.0,0.7,0.0
Mike Muscala,C,32,WAS,5,1,11.4,1.0,2.8,.357,0.4,1.6,.250,0.6,1.2,.500,.429,0.4,0.4,1.000,0.2,2.0,2.2,0.8,0.2,0.2,0.6,1.4,2.8
Svi Mykhailiuk,SF,26,BOS,4,0,7.0,0.8,2.3,.333,0.5,1.8,.286,0.3,0.5,.500,.444,0.0,0.0,,0.0,1.0,1.0,0.3,0.3,0.0,0.5,0.3,2.0
Larry Nance Jr.,C,31,NOP,9,0,16.7,1.8,3.4,.516,0.3,0.9,.375,1.4,2.6,.565,.565,0.3,0.7,.500,1.3,3.2,4.6,0.9,0.6,0.1,0.9,1.4,4.2
Andrew Nembhard,PG,24,IND,9,1,19.8,3.7,7.6,.485,0.9,2.8,.320,2.8,4.8,.581,.544,0.3,0.4,.750,0.3,1.7,2.0,4.3,0.9,0.0,1.4,2.2,8.6
Aaron Nesmith,SF,24,IND,9,0,23.9,4.3,8.0,.542,2.2,4.4,.500,2.1,3.6,.594,.681,1.2,1.9,.647,1.0,2.4,3.4,0.9,0.8,0.7,0.6,2.9,12.1
Georges Niang,PF,30,CLE,8,1,22.9,2.3,7.1,.316,1.3,4.6,.270,1.0,2.5,.400,.404,0.5,0.5,1.000,0.4,4.0,4.4,1.0,0.1,0.1,0.5,3.0,6.3
Daishen Nix,PG,21,MIN,3,0,2.3,0.3,0.3,1.000,0.0,0.0,,0.3,0.3,1.000,1.000,0.0,0.0,,0.0,0.0,0.0,0.0,0.3,0.0,0.0,0.0,0.7
Zeke Nnaji,PF,23,DEN,9,0,10.7,1.3,2.4,.545,0.1,0.4,.250,1.2,2.0,.611,.568,0.7,1.1,.600,0.7,1.7,2.3,0.6,0.2,0.6,0.4,1.2,3.4
Jusuf Nurkić,C,29,PHO,9,9,27.7,3.6,8.7,.410,0.8,2.9,.269,2.8,5.8,.481,.455,3.0,4.2,.711,2.9,6.4,9.3,5.0,1.4,0.9,2.1,3.4,10.9
Jordan Nwora,SF,25,IND,3,0,12.0,2.0,6.0,.333,0.7,2.7,.250,1.3,3.3,.400,.389,0.7,1.0,.667,0.3,1.7,2.0,1.3,0.0,0.3,1.7,0.7,5.3
Royce O'Neale,SF,30,BRK,9,4,31.3,2.8,8.3,.333,2.4,6.9,.355,0.3,1.4,.231,.480,0.0,0.0,,0.8,5.6,6.3,3.3,0.4,1.0,1.0,3.1,8.0
Chuma Okeke,SF,25,ORL,4,0,3.5,0.3,1.0,.250,0.0,0.8,.000,0.3,0.3,1.000,.250,0.0,0.0,,0.8,0.8,1.5,0.3,0.0,0.0,0.3,0.0,0.5
Josh Okogie,SG,25,PHO,9,5,24.0,2.6,5.9,.434,0.4,2.3,.190,2.1,3.6,.594,.472,2.0,2.3,.857,2.0,1.7,3.7,1.2,0.9,0.4,0.9,1.2,7.6
Onyeka Okongwu,C,23,ATL,8,0,22.4,3.8,5.9,.638,0.3,1.0,.250,3.5,4.9,.718,.660,2.8,3.0,.917,2.6,4.0,6.6,1.5,0.8,0.9,0.8,3.0,10.5
Isaac Okoro,SF,23,CLE,6,5,28.8,3.5,7.2,.488,1.0,2.5,.400,2.5,4.7,.536,.558,1.5,2.2,.692,2.0,2.8,4.8,2.2,1.2,0.5,1.0,3.8,9.5
Kelly Olynyk,C,32,UTA,10,0,20.4,2.7,4.5,.600,0.7,1.7,.412,2.0,2.8,.714,.678,1.2,1.4,.857,1.9,3.5,5.4,3.4,1.1,0.2,1.8,3.1,7.3
Eugene Omoruyi,SF,26,WAS,6,0,8.0,2.2,3.2,.684,0.3,0.8,.400,1.8,2.3,.786,.737,0.8,1.3,.625,0.7,1.8,2.5,1.0,0.5,0.2,1.0,1.0,5.5
Cedi Osman,SF,28,SAS,9,0,19.7,3.3,6.3,.526,1.6,3.6,.438,1.8,2.8,.640,.649,0.3,0.6,.600,0.2,1.7,1.9,1.7,0.6,0.2,0.7,1.2,8.6
Kelly Oubre Jr.,SF,28,PHI,8,5,29.0,5.9,11.8,.500,1.8,4.6,.378,4.1,7.1,.579,.574,2.8,3.5,.786,1.4,3.8,5.1,0.6,1.4,0.4,0.9,2.4,16.3
Chris Paul,PG,38,GSW,9,2,27.7,3.4,9.4,.365,0.6,3.7,.152,2.9,5.8,.500,.394,1.3,1.6,.857,0.3,3.7,4.0,7.3,1.4,0.0,0.8,1.2,8.8
Cameron Payne,PG,29,MIL,8,1,17.3,2.1,4.5,.472,1.3,2.4,.526,0.9,2.1,.412,.611,0.5,0.5,1.000,0.1,1.1,1.3,1.8,0.4,0.1,0.8,2.3,6.0
Gary Payton II,SG,31,GSW,8,0,19.9,2.9,6.1,.469,1.0,2.6,.381,1.9,3.5,.536,.551,0.4,0.5,.750,1.0,1.9,2.9,1.0,1.6,0.3,0.5,1.9,7.1
Filip Petrušev,C,23,PHI,1,0,3.0,0.0,0.0,,0.0,0.0,,0.0,0.0,,,0.0,0.0,,0.0,1.0,1.0,0.0,0.0,0.0,0.0,0.0,0.0
Julian Phillips,SF,20,CHI,4,0,2.5,0.0,0.3,.000,0.0,0.3,.000,0.0,0.0,,.000,0.0,0.0,,0.0,0.3,0.3,0.0,0.0,0.0,0.0,0.0,0.0
Jalen Pickett,SG,24,DEN,4,0,2.3,1.0,1.3,.800,0.5,0.8,.667,0.5,0.5,1.000,1.000,0.0,0.0,,0.0,0.5,0.5,0.0,0.0,0.0,0.0,0.3,2.5
Mason Plumlee,C,33,LAC,6,0,17.0,2.0,3.2,.632,0.0,0.0,,2.0,3.2,.632,.632,1.0,2.3,.429,1.3,4.2,5.5,1.0,0.7,0.2,0.8,1.0,5.0
Brandin Podziemski,SG,20,GSW,4,0,10.8,1.0,2.5,.400,0.0,0.5,.000,1.0,2.0,.500,.400,0.5,0.8,.667,0.8,2.5,3.3,1.5,0.0,0.0,1.0,1.5,2.5
Jakob Poeltl,C,28,TOR,8,8,25.3,4.5,6.8,.667,0.0,0.0,,4.5,6.8,.667,.667,0.8,1.8,.429,2.6,6.1,8.8,1.5,0.8,1.0,1.9,3.0,9.8
Aleksej Pokusevski,PF,22,OKC,3,0,6.0,0.0,1.3,.000,0.0,1.3,.000,0.0,0.0,,.000,0.3,0.7,.500,0.0,1.0,1.0,0.0,0.0,0.3,1.0,1.0,0.3
Jordan Poole,SG,24,WAS,8,8,27.4,6.3,15.0,.417,2.0,6.5,.308,4.3,8.5,.500,.483,2.5,3.1,.800,0.4,1.5,1.9,3.6,1.3,0.5,2.6,2.5,17.0
Craig Porter Jr.,PG,23,CLE,3,0,12.3,2.0,4.3,.462,0.0,0.3,.000,2.0,4.0,.500,.462,0.7,0.7,1.000,0.3,1.3,1.7,1.0,1.0,0.3,1.0,2.0,4.7
Michael Porter Jr.,SF,25,DEN,9,9,28.7,6.1,13.3,.458,2.7,7.1,.375,3.4,6.2,.554,.558,1.1,1.2,.909,2.0,6.0,8.0,2.0,0.4,0.9,0.8,2.2,16.0
Otto Porter Jr.,SF,30,TOR,3,0,16.7,1.3,3.7,.364,1.3,3.3,.400,0.0,0.3,.000,.545,0.0,0.0,,0.7,2.7,3.3,0.3,0.3,0.7,0.0,2.0,4.0
Bobby Portis,PF,28,MIL,8,0,20.9,4.5,9.6,.468,0.3,1.9,.133,4.3,7.8,.548,.481,2.3,3.1,.720,1.0,4.6,5.6,1.6,1.1,0.4,1.3,1.9,11.5
Kristaps Porziņģis,C,28,BOS,8,8,30.1,6.1,11.3,.544,1.8,4.5,.389,4.4,6.8,.648,.622,5.4,6.4,.843,1.5,4.6,6.1,1.6,0.5,1.5,1.0,3.5,19.4
Dwight Powell,C,32,DAL,8,1,17.8,1.8,2.3,.778,0.1,0.1,1.000,1.6,2.1,.765,.806,3.0,3.9,.774,1.9,1.5,3.4,1.4,0.4,0.9,0.3,1.8,6.6
Norman Powell,SG,30,LAC,8,0,23.4,4.3,8.1,.523,1.8,4.3,.412,2.5,3.9,.645,.631,1.5,1.9,.800,0.1,1.9,2.0,1.3,0.6,0.6,1.5,2.1,11.8
Taurean Prince,PF,29,LAL,7,7,30.0,3.4,8.1,.421,1.6,4.6,.344,1.9,3.6,.520,.518,0.9,1.1,.750,0.1,1.4,1.6,1.0,0.4,0.7,0.4,2.9,9.3
Payton Pritchard,PG,26,BOS,8,0,20.1,1.6,5.5,.295,0.6,3.4,.185,1.0,2.1,.471,.352,0.5,0.6,.800,1.4,1.8,3.1,3.6,0.3,0.0,0.8,1.6,4.4
Olivier-Maxence Prosper,PF,21,DAL,2,0,3.0,0.0,1.0,.000,0.0,0.0,,0.0,1.0,.000,.000,0.5,1.0,.500,0.5,0.0,0.5,0.0,0.0,0.0,0.0,0.5,0.5
Immanuel Quickley,SG,24,NYK,8,0,24.1,5.5,11.6,.473,1.8,5.4,.326,3.8,6.3,.600,.548,2.4,2.8,.864,0.5,2.8,3.3,3.5,0.5,0.0,1.5,1.3,15.1
Lester Quinones,SG,23,GSW,1,0,5.0,2.0,3.0,.667,1.0,2.0,.500,1.0,1.0,1.000,.833,0.0,0.0,,0.0,0.0,0.0,0.0,0.0,0.0,1.0,0.0,5.0
Julius Randle,PF,29,NYK,8,8,34.4,5.4,17.0,.316,1.8,6.8,.259,3.6,10.3,.354,.368,4.0,6.0,.667,2.4,8.8,11.1,4.9,0.9,0.0,3.0,2.6,16.5
Austin Reaves,SG,25,LAL,9,8,32.3,4.8,11.1,.430,1.3,4.4,.300,3.4,6.7,.517,.490,2.4,3.0,.815,1.1,2.9,4.0,4.3,1.4,0.1,2.6,1.8,13.3
Cam Reddish,SF,24,LAL,9,3,21.1,1.8,5.1,.348,0.8,2.7,.292,1.0,2.4,.409,.424,1.4,1.8,.813,0.6,2.0,2.6,0.9,1.2,0.2,0.6,1.8,5.8
Paul Reed,C,24,PHI,8,0,13.0,2.1,3.6,.586,0.0,0.4,.000,2.1,3.3,.654,.586,0.1,0.3,.500,1.6,3.1,4.8,0.8,0.4,0.4,0.9,2.4,4.4
Naz Reid,C,24,MIN,8,0,22.9,5.1,9.5,.539,1.9,4.4,.429,3.3,5.1,.634,.638,1.6,1.8,.929,1.0,3.3,4.3,0.8,0.8,0.5,0.9,0.9,13.8
Jared Rhoden,SG,24,DET,5,0,6.0,1.0,1.8,.556,0.2,0.8,.250,0.8,1.0,.800,.611,0.4,0.4,1.000,0.2,0.6,0.8,0.6,0.0,0.0,0.4,0.8,2.6
Nick Richards,C,26,CHO,8,0,17.3,2.9,3.6,.793,0.0,0.0,,2.9,3.6,.793,.793,2.4,3.3,.731,1.9,4.1,6.0,0.4,0.4,1.6,1.0,2.9,8.1
Josh Richardson,SG,30,MIA,5,0,23.4,2.0,6.6,.303,0.6,3.2,.188,1.4,3.4,.412,.348,0.4,0.6,.667,0.0,2.2,2.2,2.4,0.2,0.2,1.4,2.4,5.0
Duncan Robinson,SF,29,MIA,8,0,26.1,4.4,9.5,.461,2.5,6.6,.377,1.9,2.9,.652,.592,0.1,0.3,.500,0.4,1.8,2.1,2.0,0.4,0.0,1.3,2.1,11.4
Jerome Robinson,SG,26,GSW,1,0,5.0,0.0,2.0,.000,0.0,0.0,,0.0,2.0,.000,.000,0.0,0.0,,1.0,1.0,2.0,0.0,0.0,0.0,0.0,0.0,0.0
Mitchell Robinson,C,25,NYK,8,8,29.9,2.6,5.4,.488,0.0,0.0,,2.6,5.4,.488,.488,1.3,2.6,.476,6.3,6.1,12.4,0.5,1.5,1.0,0.4,2.3,6.5
Orlando Robinson,C,23,MIA,2,0,15.0,2.0,4.5,.444,0.5,0.5,1.000,1.5,4.0,.375,.500,1.0,1.0,1.000,1.0,3.0,4.0,3.5,0.5,0.5,1.5,2.0,5.5
Jeremiah Robinson-Earl,PF,23,NOP,2,1,18.5,2.5,4.5,.556,1.0,1.5,.667,1.5,3.0,.500,.667,2.0,2.0,1.000,1.5,3.0,4.5,0.5,0.0,0.0,1.0,1.5,8.0
David Roddy,PF,22,MEM,9,1,21.9,3.4,7.2,.477,0.7,2.6,.261,2.8,4.7,.595,.523,0.4,0.6,.800,0.8,2.8,3.6,1.0,0.3,0.3,1.0,2.1,8.0
Ryan Rollins,PG,21,WAS,6,0,7.7,1.3,2.8,.471,0.2,0.3,.500,1.2,2.5,.467,.500,2.2,2.7,.813,0.3,1.3,1.7,1.7,1.3,0.3,1.2,1.0,5.0
Derrick Rose,PG,35,MEM,4,0,17.8,3.0,9.3,.324,1.3,2.5,.500,1.8,6.8,.259,.392,0.8,1.0,.750,1.0,1.0,2.0,2.8,0.5,0.3,1.5,0.8,8.0
Terry Rozier,SG,29,CHO,5,5,35.8,8.4,18.0,.467,1.6,6.2,.258,6.8,11.8,.576,.511,3.6,4.4,.818,0.8,3.2,4.0,5.0,0.6,0.4,2.2,0.8,22.0
Rayan Rupert,SG,19,POR,2,0,3.0,0.0,0.5,.000,0.0,0.5,.000,0.0,0.0,,.000,0.0,0.0,,0.0,0.0,0.0,0.0,0.0,0.0,0.0,0.0,0.0
D'Angelo Russell,PG,27,LAL,9,9,33.6,6.7,14.6,.458,1.8,5.9,.302,4.9,8.7,.564,.519,2.9,3.3,.867,0.2,2.9,3.1,6.4,0.4,0.8,2.0,2.7,18.0
Matt Ryan,SF,26,NOP,9,1,22.9,2.8,6.3,.439,2.2,5.3,.417,0.6,1.0,.556,.614,1.3,1.3,1.000,0.2,1.9,2.1,1.2,0.3,0.1,1.4,2.2,9.1
Domantas Sabonis,C,27,SAC,8,8,34.8,6.8,12.0,.563,0.3,1.0,.250,6.5,11.0,.591,.573,3.6,6.0,.604,4.1,8.8,12.9,7.0,1.0,0.9,3.6,3.4,17.4
Luka Šamanić,PF,24,UTA,4,0,4.0,1.3,2.5,.500,0.5,1.3,.400,0.8,1.3,.600,.600,0.3,0.3,1.000,0.0,1.0,1.0,0.3,0.3,0.0,0.0,0.3,3.3
Jermaine Samuels,SF,25,HOU,3,0,6.7,0.7,1.0,.667,0.0,0.3,.000,0.7,0.7,1.000,.667,0.7,0.7,1.000,0.3,0.7,1.0,0.0,0.0,0.3,0.0,1.0,2.0
Dario Šarić,C,29,GSW,9,1,19.6,2.9,7.0,.413,1.4,3.9,.371,1.4,3.1,.464,.516,0.9,1.1,.800,2.0,4.7,6.7,1.9,0.3,0.4,0.9,1.7,8.1
Olivier Sarr,C,24,OKC,4,0,11.0,0.3,0.3,1.000,0.0,0.0,,0.3,0.3,1.000,1.000,1.0,1.5,.667,0.8,3.8,4.5,0.3,0.0,1.3,0.5,1.5,1.5
Marcus Sasser,PG,23,DET,10,0,21.1,4.2,8.3,.506,1.8,4.1,.439,2.4,4.2,.571,.614,0.5,0.5,1.000,0.2,2.6,2.8,2.8,0.9,0.1,0.7,2.0,10.7
Admiral Schofield,PF,26,ORL,1,0,3.0,2.0,4.0,.500,1.0,3.0,.333,1.0,1.0,1.000,.625,0.0,0.0,,0.0,0.0,0.0,0.0,0.0,0.0,0.0,0.0,5.0
Dennis Schröder,PG,30,TOR,8,8,32.9,6.3,13.3,.472,2.0,5.0,.400,4.3,8.3,.515,.547,2.5,3.3,.769,0.9,1.9,2.8,8.4,1.1,0.3,1.9,1.4,17.0
Dereon Seabron,SG,23,NOP,3,0,14.0,1.0,4.0,.250,0.3,0.7,.500,0.7,3.3,.200,.292,1.3,1.3,1.000,0.3,1.0,1.3,0.7,0.3,0.0,0.0,0.7,3.7
Alperen Şengün,C,21,HOU,8,8,31.0,8.3,13.4,.617,0.5,1.8,.286,7.8,11.6,.667,.636,2.0,3.5,.571,2.4,5.9,8.3,6.1,1.0,0.3,2.0,2.9,19.0
Brice Sensabaugh,SF,20,UTA,1,0,2.0,0.0,2.0,.000,0.0,0.0,,0.0,2.0,.000,.000,0.0,0.0,,1.0,1.0,2.0,0.0,0.0,0.0,0.0,0.0,0.0
Collin Sexton,SG,25,UTA,10,0,18.8,4.0,8.7,.460,0.9,2.7,.333,3.1,6.0,.517,.511,3.3,3.8,.868,0.7,1.4,2.1,2.7,0.1,0.1,2.0,1.6,12.2
Landry Shamet,SG,26,WAS,4,0,15.0,3.3,6.5,.500,1.8,4.8,.368,1.5,1.8,.857,.635,0.3,0.5,.500,0.0,0.8,0.8,1.5,0.5,0.3,0.3,2.3,8.5
Day'Ron Sharpe,C,22,BRK,9,0,12.3,2.6,4.3,.590,0.0,0.1,.000,2.6,4.2,.605,.590,1.4,2.3,.619,1.8,3.9,5.7,0.4,0.3,0.4,1.3,1.9,6.6
Shaedon Sharpe,SG,20,POR,8,7,39.1,6.8,15.3,.443,2.3,6.3,.360,4.5,9.0,.500,.516,4.1,5.0,.825,1.9,3.4,5.3,2.9,1.0,0.8,2.8,2.6,19.9
Ben Sheppard,SG,22,IND,3,0,10.7,1.7,4.0,.417,1.0,2.7,.375,0.7,1.3,.500,.542,0.0,0.0,,0.3,1.0,1.3,0.7,0.0,0.0,0.0,1.3,4.3
Pascal Siakam,PF,29,TOR,8,8,35.8,6.9,15.3,.451,1.5,5.1,.293,5.4,10.1,.531,.500,2.1,3.0,.708,1.0,5.9,6.9,4.8,0.4,0.1,2.3,3.0,17.4
Ben Simmons,PG,27,BRK,6,6,31.8,3.2,6.0,.528,0.0,0.0,,3.2,6.0,.528,.528,0.2,0.7,.250,2.7,8.2,10.8,6.7,0.5,0.8,2.5,2.7,6.5
Anfernee Simons,SG,24,POR,1,1,27.0,6.0,14.0,.429,2.0,6.0,.333,4.0,8.0,.500,.500,4.0,4.0,1.000,1.0,1.0,2.0,4.0,2.0,0.0,0.0,2.0,18.0
Jericho Sims,C,25,NYK,3,0,3.0,0.0,0.3,.000,0.0,0.0,,0.0,0.3,.000,.000,0.0,0.0,,0.3,1.3,1.7,0.3,0.0,0.0,0.0,0.0,0.0
Marcus Smart,PG,29,MEM,9,9,31.6,5.0,11.6,.433,1.6,5.8,.269,3.4,5.8,.596,.500,1.4,1.9,.765,0.3,2.2,2.6,5.2,2.3,0.3,3.6,3.6,13.0
Dennis Smith Jr.,PG,26,BRK,8,0,16.5,2.3,5.8,.391,0.5,1.8,.286,1.8,4.0,.438,.435,0.6,0.8,.833,0.8,1.3,2.0,2.4,0.6,0.3,0.8,2.4,5.6
Dru Smith,SG,26,MIA,4,0,17.3,1.8,3.8,.467,1.0,2.0,.500,0.8,1.8,.429,.600,0.0,0.0,,0.8,1.0,1.8,2.3,1.3,0.5,0.5,1.0,4.5
Ish Smith,PG,35,CHO,2,0,6.5,0.0,0.0,,0.0,0.0,,0.0,0.0,,,0.0,0.0,,0.0,0.5,0.5,0.0,0.5,0.0,1.5,1.5,0.0
Jabari Smith Jr.,PF,20,HOU,8,8,29.1,5.1,10.8,.477,2.0,5.3,.381,3.1,5.5,.568,.570,0.6,1.1,.556,1.5,5.5,7.0,1.5,0.6,0.4,1.3,3.6,12.9
Jalen Smith,C,23,IND,7,0,17.7,4.7,6.6,.717,1.1,1.7,.667,3.6,4.9,.735,.804,1.3,1.7,.750,2.0,4.9,6.9,1.3,0.6,0.4,1.1,2.6,11.9
Nick Smith Jr.,SG,19,CHO,2,0,2.5,1.0,1.0,1.000,0.5,0.5,1.000,0.5,0.5,1.000,1.250,0.0,0.0,,0.0,0.5,0.5,0.0,0.5,0.0,0.5,0.0,2.5
Jeremy Sochan,PG,20,SAS,9,9,27.0,4.1,9.3,.440,0.6,1.7,.333,3.6,7.7,.464,.470,1.1,1.7,.667,1.4,4.0,5.4,4.7,1.1,0.2,2.3,3.3,9.9
Jaden Springer,SG,21,PHI,6,0,8.2,0.5,2.3,.214,0.0,0.5,.000,0.5,1.8,.273,.214,0.3,0.7,.500,0.7,0.7,1.3,0.8,0.2,0.7,0.7,1.5,1.3
Lamar Stevens,PF,26,BOS,3,0,5.7,1.3,2.3,.571,0.3,0.3,1.000,1.0,2.0,.500,.643,0.0,0.0,,1.3,0.3,1.7,0.7,0.3,0.0,1.0,1.0,3.0
Isaiah Stewart,PF,22,DET,10,10,34.5,4.5,9.4,.479,1.7,4.0,.425,2.8,5.4,.519,.569,1.4,1.9,.737,1.7,5.7,7.4,1.6,0.1,0.7,2.3,3.2,12.1
Julian Strawther,SF,21,DEN,7,0,10.1,2.3,4.9,.471,1.3,3.3,.391,1.0,1.6,.636,.603,0.0,0.3,.000,0.0,1.0,1.0,0.4,0.1,0.3,0.1,0.7,5.9
Max Strus,SF,27,CLE,8,8,35.3,4.8,12.3,.388,2.8,8.4,.328,2.0,3.9,.516,.500,1.3,1.5,.833,0.4,5.5,5.9,3.3,0.6,0.8,1.1,2.4,13.5
Jalen Suggs,SG,22,ORL,8,8,26.3,4.0,9.9,.405,1.4,4.1,.333,2.6,5.8,.457,.475,2.0,2.5,.800,1.3,3.6,4.9,2.9,2.3,0.6,1.9,3.1,11.4
Cole Swider,SF,24,MIA,1,0,2.0,2.0,3.0,.667,1.0,2.0,.500,1.0,1.0,1.000,.833,0.0,0.0,,0.0,1.0,1.0,0.0,0.0,0.0,0.0,0.0,5.0
Jae'Sean Tate,SF,28,HOU,8,0,20.3,2.8,5.4,.512,1.3,2.9,.435,1.5,2.5,.600,.628,0.5,0.6,.800,0.6,2.9,3.5,1.4,1.4,0.5,0.3,2.6,7.3
Jayson Tatum,PF,25,BOS,8,8,36.0,9.9,19.1,.516,3.4,8.4,.403,6.5,10.8,.605,.605,4.6,5.8,.804,0.6,9.1,9.8,3.5,1.4,0.1,2.9,2.0,27.8
Terry Taylor,PF,24,CHI,3,0,2.0,0.3,0.3,1.000,0.0,0.0,,0.3,0.3,1.000,1.000,0.0,0.0,,0.0,0.3,0.3,0.0,0.0,0.0,0.0,0.0,0.7
Garrett Temple,SG,37,TOR,2,0,2.5,0.5,0.5,1.000,0.0,0.0,,0.5,0.5,1.000,1.000,1.0,1.0,1.000,0.0,0.0,0.0,0.0,0.0,0.0,0.0,0.0,2.0
Dalen Terry,SG,21,CHI,4,0,2.8,0.8,2.0,.375,0.3,1.0,.250,0.5,1.0,.500,.438,0.0,0.5,.000,0.0,1.0,1.0,0.8,0.0,0.0,0.3,0.3,1.8
Daniel Theis,C,31,IND,1,0,8.0,1.0,4.0,.250,0.0,1.0,.000,1.0,3.0,.333,.250,0.0,0.0,,0.0,0.0,0.0,0.0,0.0,0.0,0.0,1.0,2.0
Cam Thomas,SG,22,BRK,8,7,32.4,9.9,20.6,.479,2.1,6.6,.321,7.8,14.0,.554,.530,5.0,5.9,.851,0.3,3.5,3.8,2.1,0.9,0.6,1.3,1.9,26.9
Amen Thompson,SF,21,HOU,4,0,16.8,2.3,5.5,.409,0.5,2.8,.182,1.8,2.8,.636,.455,1.3,2.0,.625,0.3,2.5,2.8,1.5,0.5,0.3,1.5,2.3,6.3
Ausar Thompson,SF,21,DET,10,10,31.8,4.6,11.1,.414,0.4,2.5,.160,4.2,8.6,.488,.432,1.8,2.3,.783,4.0,6.0,10.0,3.7,1.3,1.9,2.1,3.6,11.4
Klay Thompson,SF,33,GSW,8,8,31.5,6.3,13.6,.459,2.6,7.5,.350,3.6,6.1,.592,.555,1.3,1.6,.769,0.8,2.9,3.6,2.0,0.4,0.6,2.0,2.6,16.4
Tristan Thompson,PF,32,CLE,6,0,11.2,1.2,1.7,.700,0.0,0.0,,1.2,1.7,.700,.700,0.7,1.2,.571,1.3,2.0,3.3,0.8,0.2,0.5,1.0,1.3,3.0
JT Thor,PF,21,CHO,8,0,18.5,1.8,4.3,.412,0.6,2.0,.313,1.1,2.3,.500,.485,0.0,0.3,.000,0.9,2.9,3.8,1.0,0.5,0.4,0.3,1.1,4.1
Matisse Thybulle,SF,26,POR,8,8,19.4,1.9,4.1,.455,1.1,3.3,.346,0.8,0.9,.857,.591,0.5,0.6,.800,0.3,0.9,1.1,0.8,1.0,0.6,0.6,1.0,5.4
Xavier Tillman Sr.,C,25,MEM,6,5,26.3,3.5,9.5,.368,0.7,2.8,.235,2.8,6.7,.425,.404,0.7,1.5,.444,2.2,5.3,7.5,2.5,1.7,1.0,1.5,3.2,8.3
Obi Toppin,PF,25,IND,9,9,21.3,3.6,6.6,.542,0.6,2.2,.250,3.0,4.3,.692,.585,1.3,1.4,.923,1.0,2.2,3.2,0.4,1.0,0.2,0.6,1.8,9.0
Karl-Anthony Towns,PF,28,MIN,8,8,32.0,7.1,16.3,.438,1.9,5.8,.326,5.3,10.5,.500,.496,2.9,3.3,.885,0.9,7.9,8.8,2.3,0.8,0.6,2.6,3.3,19.0
Gary Trent Jr.,SG,25,TOR,8,1,27.1,3.9,10.5,.369,1.9,5.3,.357,2.0,5.3,.381,.458,0.8,1.9,.400,0.5,2.0,2.5,0.9,1.0,0.1,1.0,1.3,10.4
P.J. Tucker,PF,38,TOT,7,3,17.9,0.4,1.7,.250,0.3,1.3,.222,0.1,0.4,.333,.333,0.4,0.4,1.000,1.4,2.4,3.9,0.4,0.7,0.4,0.3,2.7,1.6
Myles Turner,C,27,IND,9,9,27.2,6.3,11.8,.538,1.8,4.4,.400,4.6,7.3,.621,.613,3.1,4.0,.778,1.4,6.8,8.2,1.8,0.4,1.7,1.6,3.2,17.6
Hunter Tyson,PF,23,DEN,4,0,2.8,0.3,0.8,.333,0.0,0.5,.000,0.3,0.3,1.000,.333,0.0,0.0,,0.0,0.8,0.8,0.0,0.0,0.0,0.0,1.0,0.5
Stanley Umude,SG,24,DET,8,0,7.8,0.9,2.0,.438,0.6,1.3,.500,0.3,0.8,.333,.594,1.0,1.1,.889,0.0,1.1,1.1,0.1,0.1,0.1,0.4,1.3,3.4
Jonas Valančiūnas,C,31,NOP,9,9,24.8,4.7,9.3,.500,0.8,2.0,.389,3.9,7.3,.530,.542,1.9,2.2,.850,1.9,6.7,8.6,1.7,0.2,1.4,1.8,3.0,12.0
Fred VanVleet,PG,29,HOU,8,8,35.4,5.5,14.6,.376,3.1,8.4,.373,2.4,6.3,.380,.483,2.0,2.1,.941,0.3,3.4,3.6,8.4,0.6,0.4,1.6,2.1,16.1
Devin Vassell,SG,23,SAS,7,6,28.9,6.6,12.7,.517,2.4,5.7,.425,4.1,7.0,.592,.612,3.0,4.0,.750,0.3,2.9,3.1,2.4,1.0,0.0,1.4,1.0,18.6
Sasha Vezenkov,PF,28,SAC,7,0,13.4,2.1,5.3,.405,1.1,3.6,.320,1.0,1.7,.583,.514,0.1,0.1,1.000,0.1,1.9,2.0,0.3,0.6,0.3,0.1,1.3,5.6
Gabe Vincent,PG,27,LAL,4,0,28.3,2.8,7.0,.393,0.3,3.5,.071,2.5,3.5,.714,.411,0.3,0.5,.500,0.5,0.5,1.0,3.0,1.5,0.0,0.5,2.5,6.0
Nikola Vučević,C,33,CHI,9,9,34.8,7.1,14.4,.492,0.8,2.6,.304,6.3,11.9,.533,.519,1.3,1.8,.750,2.8,7.9,10.7,2.6,0.9,0.6,1.8,2.7,16.3
Dean Wade,PF,27,CLE,7,3,17.9,1.1,3.3,.348,1.0,3.0,.333,0.1,0.3,.500,.500,0.0,0.3,.000,0.9,2.6,3.4,0.6,0.9,0.3,0.6,2.0,3.3
Franz Wagner,SF,22,ORL,8,8,33.0,6.6,16.6,.398,1.8,5.5,.318,4.9,11.1,.438,.451,2.9,3.4,.852,1.4,4.4,5.8,3.3,1.3,0.4,2.4,2.6,17.9
Moritz Wagner,C,26,ORL,8,0,18.4,4.6,7.4,.627,0.8,2.3,.333,3.9,5.1,.756,.678,1.5,1.9,.800,1.4,3.1,4.5,0.6,0.5,0.6,1.5,2.8,11.5
Jabari Walker,SF,21,POR,8,0,13.3,1.6,4.1,.394,0.3,1.4,.182,1.4,2.8,.500,.424,1.4,1.6,.846,1.1,2.4,3.5,0.4,0.9,0.5,0.9,2.1,4.9
Jarace Walker,PF,20,IND,3,0,9.0,1.3,4.0,.333,0.0,0.7,.000,1.3,3.3,.400,.333,0.7,0.7,1.000,0.3,2.0,2.3,1.7,0.3,0.3,0.0,0.7,3.3
Lonnie Walker IV,SG,25,BRK,8,0,22.4,6.1,11.4,.538,2.4,5.1,.463,3.8,6.3,.600,.643,2.1,2.8,.773,0.1,3.0,3.1,2.3,0.6,0.6,1.1,1.0,16.8
Cason Wallace,SG,20,OKC,9,1,23.1,3.3,5.1,.652,1.1,2.1,.526,2.2,3.0,.741,.761,0.9,0.9,1.000,0.6,2.0,2.6,1.6,0.6,0.3,0.7,1.8,8.7
P.J. Washington,PF,25,CHO,8,8,34.0,7.0,14.0,.500,1.3,4.5,.278,5.8,9.5,.605,.545,1.8,2.4,.737,1.3,4.6,5.9,2.1,0.5,0.6,1.3,2.6,17.0
TyTy Washington Jr.,PG,22,MIL,1,0,3.0,1.0,2.0,.500,1.0,1.0,1.000,0.0,1.0,.000,.750,0.0,0.0,,0.0,0.0,0.0,0.0,0.0,0.0,1.0,0.0,3.0
Yuta Watanabe,SF,29,PHO,9,0,19.2,1.9,4.9,.386,1.3,3.9,.343,0.6,1.0,.556,.523,0.7,0.8,.857,0.7,2.4,3.1,0.3,0.4,0.3,1.1,2.0,5.8
Lindy Waters III,SG,26,OKC,4,0,6.0,0.0,0.8,.000,0.0,0.8,.000,0.0,0.0,,.000,0.0,0.0,,0.0,0.0,0.0,0.5,0.0,0.0,0.0,0.3,0.0
Trendon Watford,PF,23,BRK,4,0,16.3,3.3,5.8,.565,0.5,1.3,.400,2.8,4.5,.611,.609,1.5,1.5,1.000,1.5,3.0,4.5,2.8,1.0,0.3,1.3,2.3,8.5
Peyton Watson,SF,21,DEN,9,0,15.7,2.3,4.1,.568,0.4,1.4,.308,1.9,2.7,.708,.622,0.3,0.7,.500,0.3,1.8,2.1,0.7,0.7,1.1,0.7,1.2,5.4
Victor Wembanyama,PF,20,SAS,9,9,29.7,7.1,15.4,.460,1.7,5.3,.313,5.4,10.1,.538,.514,4.0,5.2,.766,2.1,6.4,8.6,2.0,1.1,2.6,3.4,2.6,19.9
Blake Wesley,SG,20,SAS,3,0,6.0,1.0,2.7,.375,0.0,0.3,.000,1.0,2.3,.429,.375,0.3,0.7,.500,0.3,0.3,0.7,1.0,0.0,0.3,0.3,0.7,2.3
Russell Westbrook,PG,35,LAC,8,8,31.5,6.4,13.0,.490,1.1,3.4,.333,5.3,9.6,.545,.534,1.1,1.9,.600,1.6,5.3,6.9,6.1,1.8,0.4,3.3,2.9,15.0
Coby White,PG,23,CHI,9,9,32.2,4.3,11.2,.386,1.6,5.4,.286,2.8,5.8,.481,.455,1.7,1.9,.882,0.3,3.0,3.3,4.4,0.9,0.3,1.7,2.1,11.9
Derrick White,SG,29,BOS,6,6,30.5,5.3,10.3,.516,2.7,5.8,.457,2.7,4.5,.593,.645,2.2,2.7,.813,1.0,3.0,4.0,4.5,1.2,1.2,1.5,2.2,15.5
Cam Whitmore,SF,19,HOU,3,0,7.7,1.0,3.0,.333,0.0,1.0,.000,1.0,2.0,.500,.333,0.3,0.7,.500,0.0,1.0,1.0,0.3,0.3,0.0,0.7,0.3,2.3
Aaron Wiggins,SG,25,OKC,7,0,11.3,1.7,3.1,.545,0.3,1.3,.222,1.4,1.9,.769,.591,0.4,0.6,.750,0.3,1.1,1.4,0.4,0.1,0.1,0.6,1.1,4.1
Andrew Wiggins,SF,28,GSW,9,9,25.7,4.2,10.6,.400,0.3,2.2,.150,3.9,8.3,.467,.416,2.0,3.6,.563,1.8,1.8,3.6,0.7,0.1,0.4,1.2,2.0,10.8
Grant Williams,PF,25,DAL,9,9,29.6,4.2,8.0,.528,3.0,5.8,.519,1.2,2.2,.550,.715,1.2,1.9,.647,0.8,3.1,3.9,1.1,0.2,0.6,0.9,3.1,12.7
Jalen Williams,PF,22,OKC,9,9,33.3,6.1,12.2,.500,0.9,2.9,.308,5.2,9.3,.560,.536,3.3,3.8,.882,0.3,4.2,4.6,3.8,0.7,0.3,2.3,3.0,16.4
Jaylin Williams,C,21,OKC,4,0,14.0,1.5,3.3,.462,0.5,2.0,.250,1.0,1.3,.800,.538,1.3,1.5,.833,0.3,3.3,3.5,1.8,0.5,0.3,0.5,2.8,4.8
Jeenathan Williams,SG,24,HOU,2,0,6.5,2.0,3.5,.571,0.0,1.0,.000,2.0,2.5,.800,.571,0.5,1.0,.500,0.0,0.0,0.0,0.5,0.5,0.0,0.0,0.0,4.5
Mark Williams,C,22,CHO,8,8,25.6,6.1,8.5,.721,0.0,0.0,,6.1,8.5,.721,.721,3.1,4.3,.735,4.1,5.8,9.9,1.1,0.9,0.9,1.4,2.1,15.4
Patrick Williams,PF,22,CHI,9,5,23.0,2.1,6.7,.317,0.8,3.3,.233,1.3,3.3,.400,.375,0.6,0.7,.833,0.7,2.8,3.4,1.3,1.0,0.6,1.1,1.6,5.6
Robert Williams,C,26,POR,6,0,19.8,2.8,4.3,.654,0.0,0.0,,2.8,4.3,.654,.654,1.2,1.5,.778,1.8,4.5,6.3,0.8,1.2,1.2,1.2,2.8,6.8
Vince Williams Jr.,SG,23,MEM,3,0,9.0,0.7,2.3,.286,0.3,2.0,.167,0.3,0.3,1.000,.357,2.3,2.7,.875,0.0,1.3,1.3,1.3,0.3,1.0,0.7,1.3,4.0
Ziaire Williams,SF,22,MEM,8,8,27.8,3.3,8.1,.400,1.4,4.4,.314,1.9,3.8,.500,.485,1.3,1.4,.909,0.8,5.4,6.1,1.3,0.5,0.5,1.9,2.3,9.1
Zion Williamson,PF,23,NOP,7,7,32.1,8.9,17.6,.504,0.0,0.1,.000,8.9,17.4,.508,.504,4.4,7.0,.633,3.1,4.0,7.1,4.1,0.7,0.1,2.4,2.7,22.1
Jalen Wilson,PF,23,BRK,2,0,3.5,0.0,0.5,.000,0.0,0.0,,0.0,0.5,.000,.000,0.0,0.0,,0.0,0.5,0.5,0.0,0.0,0.5,0.0,0.0,0.0
Dylan Windler,SF,27,NYK,3,0,2.3,0.3,0.7,.500,0.3,0.7,.500,0.0,0.0,,.750,0.0,0.0,,0.0,0.3,0.3,0.3,0.0,0.0,0.0,0.3,1.0
James Wiseman,C,22,DET,3,0,8.0,1.7,3.3,.500,0.0,0.0,,1.7,3.3,.500,.500,0.0,0.0,,1.0,2.0,3.0,0.3,0.0,0.0,0.3,1.7,3.3
Christian Wood,PF,28,LAL,9,1,22.8,2.6,5.3,.479,1.2,2.8,.440,1.3,2.6,.522,.594,1.1,1.9,.588,1.0,5.7,6.7,1.0,0.3,0.8,1.3,2.0,7.4
Delon Wright,PG,31,WAS,8,0,17.6,1.4,3.8,.367,0.5,1.4,.364,0.9,2.4,.368,.433,1.8,2.0,.875,0.4,2.1,2.5,4.4,1.6,0.1,0.5,0.8,5.0
Thaddeus Young,PF,35,TOR,1,0,2.0,0.0,0.0,,0.0,0.0,,0.0,0.0,,,0.0,2.0,.000,0.0,1.0,1.0,1.0,0.0,0.0,0.0,0.0,0.0
Trae Young,PG,25,ATL,8,8,35.4,6.6,18.6,.356,2.1,7.4,.288,4.5,11.3,.400,.413,8.8,9.8,.897,0.9,2.1,3.0,10.1,1.6,0.0,4.1,1.6,24.1
Omer Yurtseven,C,25,UTA,6,0,5.2,1.2,1.7,.700,0.2,0.5,.333,1.0,1.2,.857,.750,0.2,0.3,.500,0.5,1.3,1.8,0.5,0.0,0.2,0.2,1.0,2.7
Cody Zeller,C,31,NOP,6,0,5.8,0.2,1.2,.143,0.0,0.0,,0.2,1.2,.143,.143,0.5,1.0,.500,0.8,1.2,2.0,1.0,0.2,0.0,0.0,0.7,0.8
Ivica Zubac,C,26,LAC,8,8,25.1,4.6,7.5,.617,0.0,0.0,,4.6,7.5,.617,.617,1.8,3.1,.560,2.9,5.3,8.1,0.4,0.1,1.9,1.6,3.3,11.0
